poi_id,geometry,categories,confidence,websites,emails,socials,phones,brand,addresses,names_left,sources_left,operating_status,basic_category,taxonomy,version_left,index_right,building_id,names_right,sources_right,level,height,min_height,is_underground,num_floors,num_floors_underground,min_floor,subtype,class,facade_color,facade_material,roof_material,roof_shape,roof_direction,roof_orientation,roof_color,roof_height,has_parts,version_right,match_type,distance_to_building,building_id_left,level_left,height_left,min_height_left,is_underground_left,num_floors_left,num_floors_underground_left,min_floor_left,subtype_left,class_left,facade_color_left,facade_material_left,roof_material_left,roof_shape_left,roof_direction_left,roof_orientation_left,roof_color_left,roof_height_left,has_parts_left,building_id_right,names,sources,level_right,height_right,min_height_right,is_underground_right,num_floors_right,num_floors_underground_right,min_floor_right,subtype_right,class_right,facade_color_right,facade_material_right,roof_material_right,roof_shape_right,roof_direction_right,roof_orientation_right,roof_color_right,roof_height_right,has_parts_right,version,distance_bucket
9547a2da-c7c8-40a3-9625-0b393dad9fd4,POINT (477605.3385017563 4428088.989278872),"{'alternate': array(['structure_and_geography'], dtype=object), 'primary': 'lake'}",low,,,['https://www.facebook.com/435943016937117'],,"{'names': {'common': None, 'primary': None, 'rules': None}, 'wikidata': None}","[{'country': 'US', 'freeform': '', 'locality': 'Boulder', 'postcode': '80309', 'region': 'CO'}]","{'common': None, 'primary': 'Kittredge Lake', 'rules': None}","[{'between': None, 'confidence': 0.7874457836151123, 'dataset': 'meta', 'license': 'CDLA-Permissive-2.0', 'property': '', 'record_id': '435943016937117', 'update_time': '2026-04-06T00:00:00.000Z'}
 {'between': None, 'confidence': None, 'dataset': 'Overture', 'license': 'CDLA-Permissive-2.0', 'property': '/properties/confidence', 'record_id': None, 'update_time': '2026-04-07T10:00:15Z'}]",open,lake,"{'alternates': None, 'hierarchy': array(['geographic_entities', 'water_feature', 'lake'], dtype=object), 'primary': 'lake'}",6,328.0,,,,,,,,,,,,,,,,,,,,,,,nearest,30.236577348435265,,,,,,,,,,,,,,,,,,,,a0309ac6-afa5-4e84-a75d-a5c3c2933c94,"{'common': None, 'primary': 'Andrews Hall', 'rules': array([{'between': None, 'language': None, 'perspectives': None, 'side': None, 'value': 'ANDS', 'variant': 'short'}],
      dtype=object)}","[{'between': None, 'confidence': None, 'dataset': 'OpenStreetMap', 'license': 'ODbL-1.0', 'property': '', 'record_id': 'w46938896@16', 'update_time': '2024-03-26T20:52:55.000Z'}
 {'between': None, 'confidence': None, 'dataset': 'Microsoft ML Buildings', 'license': 'ODbL-1.0', 'property': '/properties/height', 'record_id': None, 'update_time': '2000-01-01T00:00:00.000Z'}]",,6.289144515991211,,False,,,,residential,dormitory,,stone,roof_tiles,,,,,,False,2.0,30m+
aa4c3aab-c57e-4f2f-b566-1a637badf013,POINT (476238.0638538023 4429515.197025611),"{'alternate': array(['national_park', 'landmark_and_historical_building'], dtype=object), 'primary': 'park'}",low,['http://www.firstgov.gov/'],,['https://www.facebook.com/157067651056855'],,"{'names': {'common': None, 'primary': None, 'rules': None}, 'wikidata': None}","[{'country': 'US', 'freeform': '1236 Canyon Blvd', 'locality': 'Boulder', 'postcode': '80302', 'region': 'CO'}]","{'common': None, 'primary': 'Central Park', 'rules': None}","[{'between': None, 'confidence': 0.8704187273979187, 'dataset': 'meta', 'license': 'CDLA-Permissive-2.0', 'property': '', 'record_id': '157067651056855', 'update_time': '2026-04-06T00:00:00.000Z'}
 {'between': None, 'confidence': None, 'dataset': 'Overture', 'license': 'CDLA-Permissive-2.0', 'property': '/properties/confidence', 'record_id': None, 'update_time': '2026-04-07T10:00:15Z'}]",open,park,"{'alternates': None, 'hierarchy': array(['sports_and_recreation', 'park'], dtype=object), 'primary': 'park'}",4,6728.0,,,,,,,,,,,,,,,,,,,,,,,nearest,30.338191638692354,,,,,,,,,,,,,,,,,,,,74596957-bb2c-460b-8244-0fa4f8c0552f,"{'common': None, 'primary': 'Bandshell', 'rules': None}","[{'between': None, 'confidence': None, 'dataset': 'OpenStreetMap', 'license': 'ODbL-1.0', 'property': '', 'record_id': 'w207394085@5', 'update_time': '2019-09-12T17:36:09.000Z'}]",,,,False,,,,entertainment,,,,,,,,,,False,1.0,30m+
b6c22a8e-39f2-48aa-9f55-661ea870ab80,POINT (477807.2112858852 4429420.3937706845),"{'alternate': array(['medical_center', 'public_health_clinic', 'womens_health_clinic',
       'health_and_medical'], dtype=object), 'primary': 'doctor'}",low,['https://www.plannedparenthood.org/health-center/colorado/boulder/80302/boulder-2488-90210?utm_campaign=boulder-health-center&utm_medium=organic&utm_source=bing-local-listing'],,,['3034471040'],,"[{'country': 'US', 'freeform': '2525 Arapahoe Avenue, 0', 'locality': 'Boulder', 'postcode': '80302', 'region': 'CO'}]","{'common': None, 'primary': 'Planned Parenthood - Boulder Health Center', 'rules': None}","[{'between': None, 'confidence': 0.77, 'dataset': 'Microsoft', 'license': 'CDLA-Permissive-2.0', 'property': '', 'record_id': '1407374885101369', 'update_time': '2017-09-05T14:02:56.257Z'}
 {'between': None, 'confidence': None, 'dataset': 'Overture', 'license': 'CDLA-Permissive-2.0', 'property': '/properties/confidence', 'record_id': None, 'update_time': '2026-04-07T10:00:15Z'}]",open,outpatient_care_facility,"{'alternates': None, 'hierarchy': array(['health_care', 'doctor'], dtype=object), 'primary': 'heatlh_care'}",6,6986.0,,,,,,,,,,,,,,,,,,,,,,,nearest,30.3984915623158,,,,,,,,,,,,,,,,,,,,348740c2-d4cd-4e8a-97bb-58990a0baae4,,"[{'between': None, 'confidence': None, 'dataset': 'OpenStreetMap', 'license': 'ODbL-1.0', 'property': '', 'record_id': 'w93554542@3', 'update_time': '2020-11-11T02:21:46.000Z'}
 {'between': None, 'confidence': None, 'dataset': 'Microsoft ML Buildings', 'license': 'ODbL-1.0', 'property': '/properties/height', 'record_id': None, 'update_time': '2000-01-01T00:00:00.000Z'}]",,6.569329738616943,,False,,,,,,,,,,,,,,False,2.0,30m+
06798867-315b-4c29-9ac4-d30969db5b58,POINT (477807.2112858852 4429420.3937706845),"{'alternate': array(['mailbox_center', 'shipping_center', 'post_office',
       'business_storage_and_transportation', 'business_to_business'],
      dtype=object), 'primary': 'freight_and_cargo_service'}",low,['https://www.pakmail.com/stores/pak-mail-of-boulder'],,,['3034440831'],,"[{'country': 'US', 'freeform': '2525 Arapahoe Ave Unit E4', 'locality': 'Boulder', 'postcode': '80302', 'region': 'CO'}]","{'common': None, 'primary': 'Pak Mail', 'rules': None}","[{'between': None, 'confidence': 0.77, 'dataset': 'Microsoft', 'license': 'CDLA-Permissive-2.0', 'property': '', 'record_id': '1688849863434017', 'update_time': '2019-02-19T16:49:46.640Z'}
 {'between': None, 'confidence': None, 'dataset': 'Overture', 'license': 'CDLA-Permissive-2.0', 'property': '/properties/confidence', 'record_id': None, 'update_time': '2026-04-07T10:00:15Z'}]",open,b2b_transportation_and_storage_service,"{'alternates': None, 'hierarchy': array(['services_and_business', 'b2b_service',
       'b2b_transportation_and_storage_service',
       'freight_and_cargo_service'], dtype=object), 'primary': 'freight_and_cargo_service'}",6,6986.0,,,,,,,,,,,,,,,,,,,,,,,nearest,30.3984915623158,,,,,,,,,,,,,,,,,,,,348740c2-d4cd-4e8a-97bb-58990a0baae4,,"[{'between': None, 'confidence': None, 'dataset': 'OpenStreetMap', 'license': 'ODbL-1.0', 'property': '', 'record_id': 'w93554542@3', 'update_time': '2020-11-11T02:21:46.000Z'}
 {'between': None, 'confidence': None, 'dataset': 'Microsoft ML Buildings', 'license': 'ODbL-1.0', 'property': '/properties/height', 'record_id': None, 'update_time': '2000-01-01T00:00:00.000Z'}]",,6.569329738616943,,False,,,,,,,,,,,,,,False,2.0,30m+
6ae9ab8f-f6ab-4120-adc8-47f22cb2ccd9,POINT (477807.2112858852 4429420.3937706845),"{'alternate': None, 'primary': 'active_life'}",low,['https://coreprogression.com/boulder-co/'],,,['7205711935'],,"[{'country': 'US', 'freeform': '2525 Arapahoe Ave Unit H-7', 'locality': 'Boulder', 'postcode': '80302', 'region': 'CO'}]","{'common': None, 'primary': 'Core Progression Elite Personal Training', 'rules': None}","[{'between': None, 'confidence': 0.77, 'dataset': 'Microsoft', 'license': 'CDLA-Permissive-2.0', 'property': '', 'record_id': '1970324838968028', 'update_time': '2020-06-10T20:18:41.647Z'}
 {'between': None, 'confidence': None, 'dataset': 'Overture', 'license': 'CDLA-Permissive-2.0', 'property': '/properties/confidence', 'record_id': None, 'update_time': '2026-04-07T10:00:15Z'}]",open,,"{'alternates': None, 'hierarchy': array(['sports_and_recreation'], dtype=object), 'primary': 'sports_and_recreation'}",6,6986.0,,,,,,,,,,,,,,,,,,,,,,,nearest,30.3984915623158,,,,,,,,,,,,,,,,,,,,348740c2-d4cd-4e8a-97bb-58990a0baae4,,"[{'between': None, 'confidence': None, 'dataset': 'OpenStreetMap', 'license': 'ODbL-1.0', 'property': '', 'record_id': 'w93554542@3', 'update_time': '2020-11-11T02:21:46.000Z'}
 {'between': None, 'confidence': None, 'dataset': 'Microsoft ML Buildings', 'license': 'ODbL-1.0', 'property': '/properties/height', 'record_id': None, 'update_time': '2000-01-01T00:00:00.000Z'}]",,6.569329738616943,,False,,,,,,,,,,,,,,False,2.0,30m+
5b5ebc16-1e27-4933-8962-52113ca8a97a,POINT (477807.2112858852 4429420.3937706845),"{'alternate': None, 'primary': 'shipping_center'}",low,['https://locations.ups.com/us/en/co/boulder/authorized-shipping-outlet-009972.html'],,,['3034410831'],,"[{'country': 'US', 'freeform': '2525 Arapahoe Ave Unit E4', 'locality': 'BOULDER', 'postcode': '80302', 'region': 'CO'}]","{'common': None, 'primary': 'UPS Authorized Shipping Outlet', 'rules': None}","[{'between': None, 'confidence': 0.77, 'dataset': 'Microsoft', 'license': 'CDLA-Permissive-2.0', 'property': '', 'record_id': '1125899913114501', 'update_time': '2025-08-29T19:04:59.323Z'}
 {'between': None, 'confidence': None, 'dataset': 'Overture', 'license': 'CDLA-Permissive-2.0', 'property': '/properties/confidence', 'record_id': None, 'update_time': '2026-04-07T10:00:15Z'}]",open,shipping_or_delivery_service,"{'alternates': None, 'hierarchy': array(['services_and_business', 'shipping_or_delivery_service',
       'shipping_center'], dtype=object), 'primary': 'shipping_center'}",6,6986.0,,,,,,,,,,,,,,,,,,,,,,,nearest,30.3984915623158,,,,,,,,,,,,,,,,,,,,348740c2-d4cd-4e8a-97bb-58990a0baae4,,"[{'between': None, 'confidence': None, 'dataset': 'OpenStreetMap', 'license': 'ODbL-1.0', 'property': '', 'record_id': 'w93554542@3', 'update_time': '2020-11-11T02:21:46.000Z'}
 {'between': None, 'confidence': None, 'dataset': 'Microsoft ML Buildings', 'license': 'ODbL-1.0', 'property': '/properties/height', 'record_id': None, 'update_time': '2000-01-01T00:00:00.000Z'}]",,6.569329738616943,,False,,,,,,,,,,,,,,False,2.0,30m+
9cabdb6c-9edf-4dea-9b00-5652f044c695,POINT (477807.2112858852 4429420.3937706845),"{'alternate': array(['business_equipment_and_supply', 'business_to_business'],
      dtype=object), 'primary': 'beauty_product_supplier'}",low,['https://www.bing.com/maps?osid=560e47a4-4c42-4b82-9d73-da0f6d9d2669&cp=39.712049~-105.146414&lvl=16&imgid=02b570ea-0cd1-4370-9f3d-f39a423d41c6&v=2&sV=2&form=S00027'],,,['8559594321'],,"[{'country': 'US', 'freeform': '2525 Arapahoe Ave # E4-441', 'locality': 'Boulder', 'postcode': '80302', 'region': 'CO'}]","{'common': None, 'primary': 'Cured Nutrition', 'rules': None}","[{'between': None, 'confidence': 0.77, 'dataset': 'Microsoft', 'license': 'CDLA-Permissive-2.0', 'property': '', 'record_id': '844424932620959', 'update_time': '2020-07-21T10:32:06.617Z'}
 {'between': None, 'confidence': None, 'dataset': 'Overture', 'license': 'CDLA-Permissive-2.0', 'property': '/properties/confidence', 'record_id': None, 'update_time': '2026-04-07T10:00:15Z'}]",open,supplier_or_distributor,"{'alternates': None, 'hierarchy': array(['services_and_business', 'b2b_service', 'supplier_or_distributor',
       'beauty_product_supplier'], dtype=object), 'primary': 'beauty_product_supplier'}",6,6986.0,,,,,,,,,,,,,,,,,,,,,,,nearest,30.3984915623158,,,,,,,,,,,,,,,,,,,,348740c2-d4cd-4e8a-97bb-58990a0baae4,,"[{'between': None, 'confidence': None, 'dataset': 'OpenStreetMap', 'license': 'ODbL-1.0', 'property': '', 'record_id': 'w93554542@3', 'update_time': '2020-11-11T02:21:46.000Z'}
 {'between': None, 'confidence': None, 'dataset': 'Microsoft ML Buildings', 'license': 'ODbL-1.0', 'property': '/properties/height', 'record_id': None, 'update_time': '2000-01-01T00:00:00.000Z'}]",,6.569329738616943,,False,,,,,,,,,,,,,,False,2.0,30m+
87df057a-0667-409e-a747-842e7ed8a81b,POINT (477807.2112858852 4429420.3937706845),,low,['https://bouldercolorado.com/'],,,['3032186926'],,"[{'country': 'US', 'freeform': '2525 Arapahoe Ave Ste 4-1197', 'locality': 'Boulder', 'postcode': '80302', 'region': 'CO'}]","{'common': None, 'primary': 'Boulder Colorado', 'rules': None}","[{'between': None, 'confidence': 0.77, 'dataset': 'Microsoft', 'license': 'CDLA-Permissive-2.0', 'property': '', 'record_id': '1125899913819340', 'update_time': '2025-08-13T01:44:30.003Z'}
 {'between': None, 'confidence': None, 'dataset': 'Overture', 'license': 'CDLA-Permissive-2.0', 'property': '/properties/confidence', 'record_id': None, 'update_time': '2026-04-07T10:00:15Z'}]",open,,,1,6986.0,,,,,,,,,,,,,,,,,,,,,,,nearest,30.3984915623158,,,,,,,,,,,,,,,,,,,,348740c2-d4cd-4e8a-97bb-58990a0baae4,,"[{'between': None, 'confidence': None, 'dataset': 'OpenStreetMap', 'license': 'ODbL-1.0', 'property': '', 'record_id': 'w93554542@3', 'update_time': '2020-11-11T02:21:46.000Z'}
 {'between': None, 'confidence': None, 'dataset': 'Microsoft ML Buildings', 'license': 'ODbL-1.0', 'property': '/properties/height', 'record_id': None, 'update_time': '2000-01-01T00:00:00.000Z'}]",,6.569329738616943,,False,,,,,,,,,,,,,,False,2.0,30m+
1519ee10-fcc6-4ad9-88a4-6d945eca194f,POINT (477807.2112858852 4429420.3937706845),"{'alternate': array(['retail'], dtype=object), 'primary': 'toy_store'}",low,['https://www.grtoys.com/?y_source=1_MTAzNDg5Mzk4NS00ODMtbG9jYXRpb24ud2Vic2l0ZQ%3D%3D'],,,['3034430780'],,"[{'country': 'US', 'freeform': '2525 Arapahoe Ave', 'locality': 'Boulder', 'postcode': '80302', 'region': 'CO'}]","{'common': None, 'primary': ""Grandrabbit's Toy Shoppe"", 'rules': None}","[{'between': None, 'confidence': 0.77, 'dataset': 'Microsoft', 'license': 'CDLA-Permissive-2.0', 'property': '', 'record_id': '562949965727219', 'update_time': '2025-06-03T11:47:17.860Z'}
 {'between': None, 'confidence': None, 'dataset': 'Overture', 'license': 'CDLA-Permissive-2.0', 'property': '/properties/confidence', 'record_id': None, 'update_time': '2026-04-07T10:00:15Z'}]",open,toys_and_games_store,"{'alternates': None, 'hierarchy': array(['shopping', 'specialty_store', 'toys_and_games_store', 'toy_store'],
      dtype=object), 'primary': 'toy_store'}",8,6986.0,,,,,,,,,,,,,,,,,,,,,,,nearest,30.3984915623158,,,,,,,,,,,,,,,,,,,,348740c2-d4cd-4e8a-97bb-58990a0baae4,,"[{'between': None, 'confidence': None, 'dataset': 'OpenStreetMap', 'license': 'ODbL-1.0', 'property': '', 'record_id': 'w93554542@3', 'update_time': '2020-11-11T02:21:46.000Z'}
 {'between': None, 'confidence': None, 'dataset': 'Microsoft ML Buildings', 'license': 'ODbL-1.0', 'property': '/properties/height', 'record_id': None, 'update_time': '2000-01-01T00:00:00.000Z'}]",,6.569329738616943,,False,,,,,,,,,,,,,,False,2.0,30m+
31472f2a-7a7e-4f44-9109-2fb1a521339b,POINT (477807.2112858852 4429420.3937706845),"{'alternate': array(['shipping_center', 'post_office'], dtype=object), 'primary': 'courier_and_delivery_services'}",low,['https://locations.ups.com/us/en/co/boulder/access-point-location-137700.html'],,,['3034431822'],,"[{'country': 'US', 'freeform': '2525 Arapahoe Ave', 'locality': 'Boulder', 'postcode': '80302', 'region': 'CO'}]","{'common': None, 'primary': 'UPS Access Point location', 'rules': None}","[{'between': None, 'confidence': 0.77, 'dataset': 'Microsoft', 'license': 'CDLA-Permissive-2.0', 'property': '', 'record_id': '1125899911175687', 'update_time': '2025-08-29T18:35:11.143Z'}
 {'between': None, 'confidence': None, 'dataset': 'Overture', 'license': 'CDLA-Permissive-2.0', 'property': '/properties/confidence', 'record_id': None, 'update_time': '2026-04-07T10:00:15Z'}]",open,shipping_or_delivery_service,"{'alternates': None, 'hierarchy': array(['services_and_business', 'shipping_or_delivery_service',
       'courier_and_delivery_service'], dtype=object), 'primary': 'courier_and_delivery_service'}",6,6986.0,,,,,,,,,,,,,,,,,,,,,,,nearest,30.3984915623158,,,,,,,,,,,,,,,,,,,,348740c2-d4cd-4e8a-97bb-58990a0baae4,,"[{'between': None, 'confidence': None, 'dataset': 'OpenStreetMap', 'license': 'ODbL-1.0', 'property': '', 'record_id': 'w93554542@3', 'update_time': '2020-11-11T02:21:46.000Z'}
 {'between': None, 'confidence': None, 'dataset': 'Microsoft ML Buildings', 'license': 'ODbL-1.0', 'property': '/properties/height', 'record_id': None, 'update_time': '2000-01-01T00:00:00.000Z'}]",,6.569329738616943,,False,,,,,,,,,,,,,,False,2.0,30m+
f03b9f0b-d4ed-4145-b11f-6dbee39f45bd,POINT (477807.2112858852 4429420.3937706845),"{'alternate': array(['retail'], dtype=object), 'primary': 'outdoor_gear'}",low,[''],,,['3039388799'],,"[{'country': 'US', 'freeform': '2525 Arapahoe Ave Unit E10', 'locality': 'Boulder', 'postcode': '80302', 'region': 'CO'}]","{'common': None, 'primary': 'Boulder Ski Deals', 'rules': None}","[{'between': None, 'confidence': 0.77, 'dataset': 'Microsoft', 'license': 'CDLA-Permissive-2.0', 'property': '', 'record_id': '562949955070267', 'update_time': '2015-05-15T06:46:36.077Z'}
 {'between': None, 'confidence': None, 'dataset': 'Overture', 'license': 'CDLA-Permissive-2.0', 'property': '/properties/confidence', 'record_id': None, 'update_time': '2026-04-07T10:00:15Z'}]",open,sporting_goods_store,"{'alternates': None, 'hierarchy': array(['shopping', 'specialty_store', 'sporting_goods_store',
       'outdoor_store'], dtype=object), 'primary': 'outdoor_store'}",5,6986.0,,,,,,,,,,,,,,,,,,,,,,,nearest,30.3984915623158,,,,,,,,,,,,,,,,,,,,348740c2-d4cd-4e8a-97bb-58990a0baae4,,"[{'between': None, 'confidence': None, 'dataset': 'OpenStreetMap', 'license': 'ODbL-1.0', 'property': '', 'record_id': 'w93554542@3', 'update_time': '2020-11-11T02:21:46.000Z'}
 {'between': None, 'confidence': None, 'dataset': 'Microsoft ML Buildings', 'license': 'ODbL-1.0', 'property': '/properties/height', 'record_id': None, 'update_time': '2000-01-01T00:00:00.000Z'}]",,6.569329738616943,,False,,,,,,,,,,,,,,False,2.0,30m+
6b2040aa-e168-4d42-b594-a73d649d1373,POINT (477807.2112858852 4429420.3937706845),"{'alternate': array(['gym', 'pilates_studio', 'active_life'], dtype=object), 'primary': 'barre_classes'}",low,['http://barre3.com/studio-locations/boulder'],,,['7206034959'],,"[{'country': 'US', 'freeform': '2525 Arapahoe Ave', 'locality': 'Boulder', 'postcode': '80302', 'region': 'CO'}]","{'common': None, 'primary': 'barre3', 'rules': None}","[{'between': None, 'confidence': 0.77, 'dataset': 'Microsoft', 'license': 'CDLA-Permissive-2.0', 'property': '', 'record_id': '1125899911518478', 'update_time': '2023-05-10T15:25:46.757Z'}
 {'between': None, 'confidence': None, 'dataset': 'Overture', 'license': 'CDLA-Permissive-2.0', 'property': '/properties/confidence', 'record_id': None, 'update_time': '2026-04-07T10:00:15Z'}]",open,fitness_studio,"{'alternates': None, 'hierarchy': array(['sports_and_recreation', 'sport_or_fitness_facility',
       'fitness_studio', 'barre_class'], dtype=object), 'primary': 'barre_class'}",6,6986.0,,,,,,,,,,,,,,,,,,,,,,,nearest,30.3984915623158,,,,,,,,,,,,,,,,,,,,348740c2-d4cd-4e8a-97bb-58990a0baae4,,"[{'between': None, 'confidence': None, 'dataset': 'OpenStreetMap', 'license': 'ODbL-1.0', 'property': '', 'record_id': 'w93554542@3', 'update_time': '2020-11-11T02:21:46.000Z'}
 {'between': None, 'confidence': None, 'dataset': 'Microsoft ML Buildings', 'license': 'ODbL-1.0', 'property': '/properties/height', 'record_id': None, 'update_time': '2000-01-01T00:00:00.000Z'}]",,6.569329738616943,,False,,,,,,,,,,,,,,False,2.0,30m+
2415fe1c-3b65-4bc5-ba74-64d4fdbb3494,POINT (477807.2112858852 4429420.3937706845),,low,['https://www.rmtenniscenter.com/'],,,['3034495033'],,"[{'country': 'US', 'freeform': '2525 Arapahoe Avenue, e4 223', 'locality': 'Boulder', 'postcode': '80302', 'region': 'CO'}]","{'common': None, 'primary': 'Rocky Mountain Tennis Center / Tennis Center of The Rockies', 'rules': None}","[{'between': None, 'confidence': 0.77, 'dataset': 'Microsoft', 'license': 'CDLA-Permissive-2.0', 'property': '', 'record_id': '562949967820886', 'update_time': '2025-10-05T11:53:14.980Z'}
 {'between': None, 'confidence': None, 'dataset': 'Overture', 'license': 'CDLA-Permissive-2.0', 'property': '/properties/confidence', 'record_id': None, 'update_time': '2026-04-07T10:00:15Z'}]",open,,,1,6986.0,,,,,,,,,,,,,,,,,,,,,,,nearest,30.3984915623158,,,,,,,,,,,,,,,,,,,,348740c2-d4cd-4e8a-97bb-58990a0baae4,,"[{'between': None, 'confidence': None, 'dataset': 'OpenStreetMap', 'license': 'ODbL-1.0', 'property': '', 'record_id': 'w93554542@3', 'update_time': '2020-11-11T02:21:46.000Z'}
 {'between': None, 'confidence': None, 'dataset': 'Microsoft ML Buildings', 'license': 'ODbL-1.0', 'property': '/properties/height', 'record_id': None, 'update_time': '2000-01-01T00:00:00.000Z'}]",,6.569329738616943,,False,,,,,,,,,,,,,,False,2.0,30m+
e7652d26-d153-4868-b967-757fc5969f82,POINT (477807.2112858852 4429420.3937706845),"{'alternate': array(['laundromat', 'laundry_services'], dtype=object), 'primary': 'dry_cleaning'}",low,['https://www.dcleaners.com/location/village-shopping-center/'],,,['3034430290'],,"[{'country': 'US', 'freeform': '2525 Arapahoe Ave Ste H5', 'locality': 'Boulder', 'postcode': '80302', 'region': 'CO'}]","{'common': None, 'primary': 'Dependable Cleaners', 'rules': None}","[{'between': None, 'confidence': 0.77, 'dataset': 'Microsoft', 'license': 'CDLA-Permissive-2.0', 'property': '', 'record_id': '562949961526534', 'update_time': '2025-08-18T06:38:16.460Z'}
 {'between': None, 'confidence': None, 'dataset': 'Overture', 'license': 'CDLA-Permissive-2.0', 'property': '/properties/confidence', 'record_id': None, 'update_time': '2026-04-07T10:00:15Z'}]",open,laundry_service,"{'alternates': None, 'hierarchy': array(['services_and_business', 'laundry_service', 'dry_cleaning'],
      dtype=object), 'primary': 'dry_cleaning'}",6,6986.0,,,,,,,,,,,,,,,,,,,,,,,nearest,30.3984915623158,,,,,,,,,,,,,,,,,,,,348740c2-d4cd-4e8a-97bb-58990a0baae4,,"[{'between': None, 'confidence': None, 'dataset': 'OpenStreetMap', 'license': 'ODbL-1.0', 'property': '', 'record_id': 'w93554542@3', 'update_time': '2020-11-11T02:21:46.000Z'}
 {'between': None, 'confidence': None, 'dataset': 'Microsoft ML Buildings', 'license': 'ODbL-1.0', 'property': '/properties/height', 'record_id': None, 'update_time': '2000-01-01T00:00:00.000Z'}]",,6.569329738616943,,False,,,,,,,,,,,,,,False,2.0,30m+
7e6a4bc0-960c-44e0-a35b-b76353d8c8d8,POINT (477807.2112858852 4429420.3937706845),"{'alternate': array(['tutoring_center', 'corporate_office', 'education',
       'private_establishments_and_corporates', 'retail'], dtype=object), 'primary': 'online_shop'}",low,['http://mathnasium.com/eastboulder'],,,['3033532574'],,"[{'country': 'US', 'freeform': '2525 Arapahoe Ave Ste H8', 'locality': 'Boulder', 'postcode': '80302', 'region': 'CO'}]","{'common': None, 'primary': 'Mathnasium', 'rules': None}","[{'between': None, 'confidence': 0.77, 'dataset': 'Microsoft', 'license': 'CDLA-Permissive-2.0', 'property': '', 'record_id': '1125899912087029', 'update_time': '2023-06-06T22:42:50.770Z'}
 {'between': None, 'confidence': None, 'dataset': 'Overture', 'license': 'CDLA-Permissive-2.0', 'property': '/properties/confidence', 'record_id': None, 'update_time': '2026-04-07T10:00:15Z'}]",open,specialty_store,"{'alternates': None, 'hierarchy': array(['shopping'], dtype=object), 'primary': 'shopping'}",6,6986.0,,,,,,,,,,,,,,,,,,,,,,,nearest,30.3984915623158,,,,,,,,,,,,,,,,,,,,348740c2-d4cd-4e8a-97bb-58990a0baae4,,"[{'between': None, 'confidence': None, 'dataset': 'OpenStreetMap', 'license': 'ODbL-1.0', 'property': '', 'record_id': 'w93554542@3', 'update_time': '2020-11-11T02:21:46.000Z'}
 {'between': None, 'confidence': None, 'dataset': 'Microsoft ML Buildings', 'license': 'ODbL-1.0', 'property': '/properties/height', 'record_id': None, 'update_time': '2000-01-01T00:00:00.000Z'}]",,6.569329738616943,,False,,,,,,,,,,,,,,False,2.0,30m+
187ea8ef-6ab1-4d63-98e0-f84fa4f851e7,POINT (477807.2112858852 4429420.3937706845),,low,[''],,,['3039388799'],,"[{'country': 'US', 'freeform': '2525 Arapahoe Ave Unit E4', 'locality': 'Boulder', 'postcode': '80302', 'region': 'CO'}]","{'common': None, 'primary': 'Vail Resorts Retail', 'rules': None}","[{'between': None, 'confidence': 0.77, 'dataset': 'Microsoft', 'license': 'CDLA-Permissive-2.0', 'property': '', 'record_id': '562949955136654', 'update_time': '2015-05-15T08:59:08.233Z'}
 {'between': None, 'confidence': None, 'dataset': 'Overture', 'license': 'CDLA-Permissive-2.0', 'property': '/properties/confidence', 'record_id': None, 'update_time': '2026-04-07T10:00:15Z'}]",open,,,1,6986.0,,,,,,,,,,,,,,,,,,,,,,,nearest,30.3984915623158,,,,,,,,,,,,,,,,,,,,348740c2-d4cd-4e8a-97bb-58990a0baae4,,"[{'between': None, 'confidence': None, 'dataset': 'OpenStreetMap', 'license': 'ODbL-1.0', 'property': '', 'record_id': 'w93554542@3', 'update_time': '2020-11-11T02:21:46.000Z'}
 {'between': None, 'confidence': None, 'dataset': 'Microsoft ML Buildings', 'license': 'ODbL-1.0', 'property': '/properties/height', 'record_id': None, 'update_time': '2000-01-01T00:00:00.000Z'}]",,6.569329738616943,,False,,,,,,,,,,,,,,False,2.0,30m+
6ba7c974-b068-4074-8152-be5ec96ddcb5,POINT (476146.3545364543 4429693.134663695),"{'alternate': array(['general_litigation'], dtype=object), 'primary': 'entertainment_law'}",low,['http://www.jahnlaw.com/'],,,['3035455128'],,"[{'country': 'US', 'freeform': '1942 Broadway 314', 'locality': 'Boulder', 'postcode': '80302', 'region': 'CO'}]","{'common': None, 'primary': 'Jahn & Associates', 'rules': None}","[{'between': None, 'confidence': 0.77, 'dataset': 'Microsoft', 'license': 'CDLA-Permissive-2.0', 'property': '', 'record_id': '562949957228056', 'update_time': '2017-06-26T06:36:49.010Z'}
 {'between': None, 'confidence': None, 'dataset': 'Overture', 'license': 'CDLA-Permissive-2.0', 'property': '/properties/confidence', 'record_id': None, 'update_time': '2026-04-07T10:00:15Z'}]",open,attorney_or_law_firm,"{'alternates': None, 'hierarchy': array(['services_and_business', 'legal_service', 'attorney_or_law_firm',
       'entertainment_law'], dtype=object), 'primary': 'entertainment_law'}",6,6388.0,,,,,,,,,,,,,,,,,,,,,,,nearest,30.4020017817363,,,,,,,,,,,,,,,,,,,,333be737-29b6-41bd-a7ab-e7105dc7dab3,,"[{'between': None, 'confidence': None, 'dataset': 'OpenStreetMap', 'license': 'ODbL-1.0', 'property': '', 'record_id': 'w521149302@1', 'update_time': '2017-09-04T06:10:37.000Z'}]",,,,False,,,,commercial,commercial,,,,,,,,,False,1.0,30m+
bc75727c-44b0-4f17-a297-e94903cde983,POINT (477013.2500828703 4428283.634034659),,low,['https://vivalonix.com/'],['support@vivalonix.com'],['https://www.facebook.com/948459275017694'],,"{'names': {'common': None, 'primary': None, 'rules': None}, 'wikidata': None}","[{'country': 'US', 'freeform': '942 Broadway St', 'locality': 'Boulder', 'postcode': '80302', 'region': 'CO'}]","{'common': None, 'primary': 'Dr. John Carsen - Cardiologist PhD Heart Health Advisory', 'rules': None}","[{'between': None, 'confidence': 0.20122165977954865, 'dataset': 'meta', 'license': 'CDLA-Permissive-2.0', 'property': '', 'record_id': '948459275017694', 'update_time': '2026-04-06T00:00:00.000Z'}
 {'between': None, 'confidence': None, 'dataset': 'Overture', 'license': 'CDLA-Permissive-2.0', 'property': '/properties/confidence', 'record_id': None, 'update_time': '2026-04-07T10:00:15Z'}]",open,,,1,9634.0,,,,,,,,,,,,,,,,,,,,,,,nearest,30.41873872644248,,,,,,,,,,,,,,,,,,,,5bd7a203-02c3-4fee-8d9f-f89a315701ee,"{'common': None, 'primary': 'University Terrace', 'rules': None}","[{'between': None, 'confidence': None, 'dataset': 'OpenStreetMap', 'license': 'ODbL-1.0', 'property': '', 'record_id': 'w210146183@4', 'update_time': '2024-03-26T20:53:24.000Z'}
 {'between': None, 'confidence': None, 'dataset': 'Microsoft ML Buildings', 'license': 'ODbL-1.0', 'property': '/properties/height', 'record_id': None, 'update_time': '2000-01-01T00:00:00.000Z'}]",,7.236085891723633,,False,,,,,,,,,,,,,,False,2.0,30m+
d71aef7e-4f16-424c-a1ce-132517a817a3,POINT (475030.8614141074 4428477.60724348),"{'alternate': array(['national_park', 'active_life'], dtype=object), 'primary': 'park'}",low,,,['https://www.facebook.com/187062034663848'],,"{'names': {'common': None, 'primary': None, 'rules': None}, 'wikidata': None}","[{'country': 'US', 'freeform': None, 'locality': 'Boulder', 'postcode': None, 'region': 'CO'}]","{'common': None, 'primary': 'Boulder National Park', 'rules': None}","[{'between': None, 'confidence': 0.7068702578544617, 'dataset': 'meta', 'license': 'CDLA-Permissive-2.0', 'property': '', 'record_id': '187062034663848', 'update_time': '2026-04-06T00:00:00.000Z'}
 {'between': None, 'confidence': None, 'dataset': 'Overture', 'license': 'CDLA-Permissive-2.0', 'property': '/properties/confidence', 'record_id': None, 'update_time': '2026-04-07T10:00:15Z'}]",open,park,"{'alternates': None, 'hierarchy': array(['sports_and_recreation', 'park'], dtype=object), 'primary': 'park'}",2,9041.0,,,,,,,,,,,,,,,,,,,,,,,nearest,30.666110087198994,,,,,,,,,,,,,,,,,,,,2556b1dd-1a40-4228-8671-80b56e114700,,"[{'between': None, 'confidence': None, 'dataset': 'OpenStreetMap', 'license': 'ODbL-1.0', 'property': '', 'record_id': 'w1215188286@1', 'update_time': '2023-10-12T23:54:17.000Z'}]",,,,False,,,,,,,,,,,,,,False,1.0,30m+
f5551a8c-1606-40ae-8252-e798064b5106,POINT (476462.82480747794 4429213.504968641),"{'alternate': array(['stadium_arena'], dtype=object), 'primary': 'attractions_and_activities'}",low,,,['https://www.facebook.com/2096347863709824'],,"{'names': {'common': None, 'primary': None, 'rules': None}, 'wikidata': None}","[{'country': 'US', 'freeform': '1604 Arapahoe Ave', 'locality': 'Boulder', 'postcode': '80302-6312', 'region': 'CO'}]","{'common': None, 'primary': 'Christian Recht Field', 'rules': None}","[{'between': None, 'confidence': 0.7577014565467834, 'dataset': 'meta', 'license': 'CDLA-Permissive-2.0', 'property': '', 'record_id': '2096347863709824', 'update_time': '2026-04-06T00:00:00.000Z'}
 {'between': None, 'confidence': None, 'dataset': 'Overture', 'license': 'CDLA-Permissive-2.0', 'property': '/properties/confidence', 'record_id': None, 'update_time': '2026-04-07T10:00:15Z'}]",open,,"{'alternates': None, 'hierarchy': array(['arts_and_entertainment'], dtype=object), 'primary': 'arts_and_entertainment'}",7,7391.0,,,,,,,,,,,,,,,,,,,,,,,nearest,30.88811666420301,,,,,,,,,,,,,,,,,,,,538718e4-a5e1-4933-b71d-9c0f8c30bf20,,"[{'between': None, 'confidence': None, 'dataset': 'Microsoft ML Buildings', 'license': 'ODbL-1.0', 'property': '', 'record_id': None, 'update_time': '2000-01-01T00:00:00.000Z'}]",,,,False,,,,,,,,,,,,,,False,3.0,30m+
59a56712-b471-48a8-b896-e87bd4ee79f0,POINT (475963.51672473893 4430567.538799607),"{'alternate': array(['active_life', 'mountain'], dtype=object), 'primary': 'park'}",low,['http://www.dayhikesneardenver.com/enchanted-mesa-trail-boulder-colorado/'],,['https://www.facebook.com/121477701328095'],,"{'names': {'common': None, 'primary': None, 'rules': None}, 'wikidata': None}","[{'country': 'US', 'freeform': 'Enchanted Mesa Trail', 'locality': 'Boulder', 'postcode': '80304', 'region': 'CO'}]","{'common': None, 'primary': 'Enchanted Mesa Trail', 'rules': None}","[{'between': None, 'confidence': 0.9656423926353455, 'dataset': 'meta', 'license': 'CDLA-Permissive-2.0', 'property': '', 'record_id': '121477701328095', 'update_time': '2026-04-06T00:00:00.000Z'}
 {'between': None, 'confidence': None, 'dataset': 'Overture', 'license': 'CDLA-Permissive-2.0', 'property': '/properties/confidence', 'record_id': None, 'update_time': '2026-04-07T10:00:15Z'}]",open,park,"{'alternates': None, 'hierarchy': array(['sports_and_recreation', 'park'], dtype=object), 'primary': 'park'}",6,2959.0,,,,,,,,,,,,,,,,,,,,,,,nearest,31.031453726114812,,,,,,,,,,,,,,,,,,,,b992d24a-b17a-4b42-b6a2-c4b94cbe25c5,"{'common': None, 'primary': 'Vectra Bank', 'rules': None}","[{'between': None, 'confidence': None, 'dataset': 'OpenStreetMap', 'license': 'ODbL-1.0', 'property': '', 'record_id': 'w94750794@5', 'update_time': '2024-07-25T03:02:29.000Z'}
 {'between': None, 'confidence': None, 'dataset': 'Microsoft ML Buildings', 'license': 'ODbL-1.0', 'property': '/properties/height', 'record_id': None, 'update_time': '2000-01-01T00:00:00.000Z'}]",,5.880375862121582,,False,,,,commercial,retail,,,,,,,,,False,2.0,30m+
e04054b3-6869-4b57-81c6-25ee23d217cc,POINT (477668.6895029852 4429736.226562339),"{'alternate': None, 'primary': 'banks'}",low,['https://www.wellsfargo.com/locator/bank/2425__CANYON__BLVD_BOULDER_CO_80302/'],,,,"{'names': {'common': None, 'primary': 'Wells Fargo', 'rules': array([], dtype=object)}, 'wikidata': 'Q744149'}","[{'country': 'US', 'freeform': '2425 CANYON BLVD', 'locality': 'BOULDER', 'postcode': '80302', 'region': 'CO'}]","{'common': None, 'primary': 'Wells Fargo', 'rules': array([], dtype=object)}","[{'between': None, 'confidence': 0.4, 'dataset': 'AllThePlaces', 'license': 'CC0-1.0', 'property': '', 'record_id': 'AkmifbLROD1AUaXyI5Wv2N7_OY0=', 'update_time': '2026-03-31T04:54:24.000Z'}
 {'between': None, 'confidence': None, 'dataset': 'Overture', 'license': 'CDLA-Permissive-2.0', 'property': '/properties/confidence', 'record_id': None, 'update_time': '2026-04-07T10:00:15Z'}]",open,bank_or_credit_union,"{'alternates': None, 'hierarchy': array(['services_and_business', 'financial_service',
       'bank_or_credit_union', 'bank'], dtype=object), 'primary': 'bank'}",1,6346.0,,,,,,,,,,,,,,,,,,,,,,,nearest,31.220908625993616,,,,,,,,,,,,,,,,,,,,7ca54d8c-6e9d-4ca4-b823-1ec0434b4a04,,"[{'between': None, 'confidence': None, 'dataset': 'Esri Community Maps', 'license': 'Creative Commons by Attribution (CC BY 4.0) with OpenStreetMap waivers', 'property': '', 'record_id': '74D1ECE0-4A48-4E56-9D15-ED30C1FF2C79', 'update_time': '2025-08-11T00:00:00.000Z'}]",,,,False,,,,,,,,,,,,,,False,1.0,30m+
4528bdb4-9db3-4131-b2f0-3821b4daa236,POINT (475504.52417297056 4430939.537848504),"{'alternate': array(['baseball_field', 'active_life'], dtype=object), 'primary': 'park'}",low,['https://bouldercolorado.gov/pages/north-boulder-park'],,['https://www.facebook.com/110351839020538'],['+17203751998'],"{'names': {'common': None, 'primary': None, 'rules': None}, 'wikidata': None}","[{'country': 'US', 'freeform': '800 Dellwood Ave', 'locality': 'Boulder', 'postcode': '80304', 'region': 'CO'}]","{'common': None, 'primary': 'North Boulder Park Baseball Field', 'rules': None}","[{'between': None, 'confidence': 0.9865131974220276, 'dataset': 'meta', 'license': 'CDLA-Permissive-2.0', 'property': '', 'record_id': '110351839020538', 'update_time': '2026-04-06T00:00:00.000Z'}
 {'between': None, 'confidence': None, 'dataset': 'Overture', 'license': 'CDLA-Permissive-2.0', 'property': '/properties/confidence', 'record_id': None, 'update_time': '2026-04-07T10:00:15Z'}]",open,park,"{'alternates': None, 'hierarchy': array(['sports_and_recreation', 'park'], dtype=object), 'primary': 'park'}",6,1865.0,,,,,,,,,,,,,,,,,,,,,,,nearest,31.519077706347158,,,,,,,,,,,,,,,,,,,,8b17619f-e258-4409-8539-5874e1c3b096,,"[{'between': None, 'confidence': None, 'dataset': 'OpenStreetMap', 'license': 'ODbL-1.0', 'property': '', 'record_id': 'w634313723@2', 'update_time': '2020-12-19T19:25:30.000Z'}
 {'between': None, 'confidence': None, 'dataset': 'Microsoft ML Buildings', 'license': 'ODbL-1.0', 'property': '/properties/height', 'record_id': None, 'update_time': '2021-08-25T00:00:00.000Z'}]",,4.050306797027588,,False,,,,residential,garage,,,,,,,,,False,2.0,30m+
96667818-bfc3-4f89-ae18-785534baa3fe,POINT (477558.3537549007 4430945.48820159),"{'alternate': None, 'primary': 'health_and_medical'}",low,[''],,,['3038347456'],,"[{'country': 'US', 'freeform': '2800 Folsom St Ste D', 'locality': 'Boulder', 'postcode': '80304', 'region': 'CO'}]","{'common': None, 'primary': 'HeartMind Relationships', 'rules': None}","[{'between': None, 'confidence': 0.77, 'dataset': 'Microsoft', 'license': 'CDLA-Permissive-2.0', 'property': '', 'record_id': '844424931553909', 'update_time': '2015-09-14T15:44:16.010Z'}
 {'between': None, 'confidence': None, 'dataset': 'Overture', 'license': 'CDLA-Permissive-2.0', 'property': '/properties/confidence', 'record_id': None, 'update_time': '2026-04-07T10:00:15Z'}]",open,,"{'alternates': None, 'hierarchy': array(['health_care'], dtype=object), 'primary': 'health_care'}",6,1624.0,,,,,,,,,,,,,,,,,,,,,,,nearest,31.684643537478433,,,,,,,,,,,,,,,,,,,,0f43659b-2ae3-4d07-9b15-419c2a9479ba,,"[{'between': None, 'confidence': None, 'dataset': 'OpenStreetMap', 'license': 'ODbL-1.0', 'property': '', 'record_id': 'w240457731@4', 'update_time': '2024-06-23T21:12:42.000Z'}
 {'between': None, 'confidence': None, 'dataset': 'Microsoft ML Buildings', 'license': 'ODbL-1.0', 'property': '/properties/height', 'record_id': None, 'update_time': '2000-01-01T00:00:00.000Z'}]",,4.620005130767822,,False,,,,commercial,commercial,,,,,,,,,True,2.0,30m+
024b39b0-052e-4bf7-9e5a-d4a123ab3d2d,POINT (477493.88544686325 4430216.099881242),"{'alternate': array(['attractions_and_activities', 'active_life'], dtype=object), 'primary': 'park'}",low,,,['https://www.facebook.com/370858719973713'],['+13034137200'],"{'names': {'common': None, 'primary': None, 'rules': None}, 'wikidata': None}","[{'country': 'US', 'freeform': '2479 Pearl St', 'locality': 'Boulder', 'postcode': '80302', 'region': 'CO'}]","{'common': None, 'primary': 'Greenleaf Park', 'rules': None}","[{'between': None, 'confidence': 0.8350747227668762, 'dataset': 'meta', 'license': 'CDLA-Permissive-2.0', 'property': '', 'record_id': '370858719973713', 'update_time': '2026-04-06T00:00:00.000Z'}
 {'between': None, 'confidence': None, 'dataset': 'Overture', 'license': 'CDLA-Permissive-2.0', 'property': '/properties/confidence', 'record_id': None, 'update_time': '2026-04-07T10:00:15Z'}]",open,park,"{'alternates': None, 'hierarchy': array(['sports_and_recreation', 'park'], dtype=object), 'primary': 'park'}",7,4433.0,,,,,,,,,,,,,,,,,,,,,,,nearest,31.877853032956775,,,,,,,,,,,,,,,,,,,,150a7e78-5322-453d-9e83-b72fe0fc68d6,"{'common': None, 'primary': 'The Nature Conservancy', 'rules': None}","[{'between': None, 'confidence': None, 'dataset': 'OpenStreetMap', 'license': 'ODbL-1.0', 'property': '', 'record_id': 'w243073547@6', 'update_time': '2024-07-23T01:14:07.000Z'}
 {'between': None, 'confidence': None, 'dataset': 'Microsoft ML Buildings', 'license': 'ODbL-1.0', 'property': '/properties/height', 'record_id': None, 'update_time': '2000-01-01T00:00:00.000Z'}]",,10.05898380279541,,False,,,,,,,,,,,,,,False,2.0,30m+
25bb67dd-ad97-4758-86a0-fd464aaf9ce6,POINT (476554.898350317 4429254.545015165),"{'alternate': array(['hiking_trail', 'landmark_and_historical_building'], dtype=object), 'primary': 'park'}",low,['http://www.bouldercolorado.gov/index.php?option=com_content&task=view&id=2009&Itemid=1927'],,['https://www.facebook.com/539740759518092'],['+13034413200'],"{'names': {'common': None, 'primary': None, 'rules': None}, 'wikidata': None}","[{'country': 'US', 'freeform': ' ', 'locality': 'Boulder', 'postcode': '80302', 'region': 'CO'}]","{'common': None, 'primary': 'Boulder Creek Path', 'rules': None}","[{'between': None, 'confidence': 0.8010523915290833, 'dataset': 'meta', 'license': 'CDLA-Permissive-2.0', 'property': '', 'record_id': '539740759518092', 'update_time': '2026-04-06T00:00:00.000Z'}
 {'between': None, 'confidence': None, 'dataset': 'Overture', 'license': 'CDLA-Permissive-2.0', 'property': '/properties/confidence', 'record_id': None, 'update_time': '2026-04-07T10:00:15Z'}]",open,park,"{'alternates': None, 'hierarchy': array(['sports_and_recreation', 'park'], dtype=object), 'primary': 'park'}",1,7435.0,,,,,,,,,,,,,,,,,,,,,,,nearest,32.47289839016331,,,,,,,,,,,,,,,,,,,,b6bbd98e-9f94-42d1-af69-d1d2f2b1c019,,"[{'between': None, 'confidence': None, 'dataset': 'OpenStreetMap', 'license': 'ODbL-1.0', 'property': '', 'record_id': 'w466530309@1', 'update_time': '2017-01-16T23:35:23.000Z'}]",,,,False,,,,,,,,,,,,,,False,1.0,30m+
2975755b-ad34-4479-8619-4d5534d76a14,POINT (474566.4264096704 4429142.7286546305),,low,['http://wisdomofthewombonline.com/'],['support@wisdomofthewombonline.com'],['https://www.facebook.com/1839182219453796'],,"{'names': {'common': None, 'primary': None, 'rules': None}, 'wikidata': None}","[{'country': 'US', 'freeform': None, 'locality': 'Boulder', 'postcode': None, 'region': 'CO'}]","{'common': None, 'primary': 'Wisdom of the Womb', 'rules': None}","[{'between': None, 'confidence': 0.08422394096851349, 'dataset': 'meta', 'license': 'CDLA-Permissive-2.0', 'property': '', 'record_id': '1839182219453796', 'update_time': '2026-04-06T00:00:00.000Z'}
 {'between': None, 'confidence': None, 'dataset': 'Overture', 'license': 'CDLA-Permissive-2.0', 'property': '/properties/confidence', 'record_id': None, 'update_time': '2026-04-07T10:00:15Z'}]",open,,,1,7614.0,,,,,,,,,,,,,,,,,,,,,,,nearest,32.57499957920522,,,,,,,,,,,,,,,,,,,,9d777fa7-1d4a-4ae8-a74a-f15cd500327c,,"[{'between': None, 'confidence': None, 'dataset': 'Esri Community Maps', 'license': 'Creative Commons by Attribution (CC BY 4.0) with OpenStreetMap waivers', 'property': '', 'record_id': '8B00CBFB-150F-4882-A7DB-A8122145759E', 'update_time': '2025-08-11T00:00:00.000Z'}]",,,,False,,,,,,,,,,,,,,False,1.0,30m+
781d78ed-95ab-47f0-bc99-42da8426d64b,POINT (474954.5283868023 4430083.485209623),,low,['http://www.theacademyboulder.com/'],,,['3034473000'],,"[{'country': 'US', 'freeform': '311 Mapleton Ave', 'locality': 'Boulder', 'postcode': '80304', 'region': 'CO'}]","{'common': None, 'primary': 'Academy Mapleton Hill', 'rules': None}","[{'between': None, 'confidence': 0.77, 'dataset': 'Microsoft', 'license': 'CDLA-Permissive-2.0', 'property': '', 'record_id': '1688849866220677', 'update_time': '2025-09-02T15:27:01.037Z'}
 {'between': None, 'confidence': None, 'dataset': 'Overture', 'license': 'CDLA-Permissive-2.0', 'property': '/properties/confidence', 'record_id': None, 'update_time': '2026-04-07T10:00:15Z'}]",open,,,1,4904.0,,,,,,,,,,,,,,,,,,,,,,,nearest,33.19661726756685,,,,,,,,,,,,,,,,,,,,4ffa132c-5251-451c-94b2-202b43e27320,"{'common': None, 'primary': 'Boulder Community Hospital', 'rules': None}","[{'between': None, 'confidence': None, 'dataset': 'Esri Community Maps', 'license': 'Creative Commons by Attribution (CC BY 4.0) with OpenStreetMap waivers', 'property': '', 'record_id': '6F1E5BFE-F75D-4783-8297-CF5450A56829', 'update_time': '2025-08-11T00:00:00.000Z'}]",,,,False,,,,,,,,,,,,,,False,1.0,30m+
c3ab958c-56e3-43af-a4f7-7ac55adc6d2d,POINT (474954.5283868023 4430083.485209623),"{'alternate': array(['sports_medicine', 'doctor', 'physical_therapy',
       'health_and_medical'], dtype=object), 'primary': 'orthopedist'}",low,[''],,,['3034412219'],,"[{'country': 'US', 'freeform': '311 Mapleton Ave', 'locality': 'Boulder', 'postcode': '80304', 'region': 'CO'}]","{'common': None, 'primary': 'CU Sports Medicine', 'rules': None}","[{'between': None, 'confidence': 0.77, 'dataset': 'Microsoft', 'license': 'CDLA-Permissive-2.0', 'property': '', 'record_id': '562949958640828', 'update_time': '2025-04-18T07:47:16.857Z'}
 {'between': None, 'confidence': None, 'dataset': 'Overture', 'license': 'CDLA-Permissive-2.0', 'property': '/properties/confidence', 'record_id': None, 'update_time': '2026-04-07T10:00:15Z'}]",open,specialized_health_care,"{'alternates': None, 'hierarchy': array(['health_care', 'outpatient_care_facility',
       'specialized_health_care', 'musculoskeletal_medicine',
       'orthopedics'], dtype=object), 'primary': 'orthopedics'}",6,4904.0,,,,,,,,,,,,,,,,,,,,,,,nearest,33.19661726756685,,,,,,,,,,,,,,,,,,,,4ffa132c-5251-451c-94b2-202b43e27320,"{'common': None, 'primary': 'Boulder Community Hospital', 'rules': None}","[{'between': None, 'confidence': None, 'dataset': 'Esri Community Maps', 'license': 'Creative Commons by Attribution (CC BY 4.0) with OpenStreetMap waivers', 'property': '', 'record_id': '6F1E5BFE-F75D-4783-8297-CF5450A56829', 'update_time': '2025-08-11T00:00:00.000Z'}]",,,,False,,,,,,,,,,,,,,False,1.0,30m+
8d61b3ca-bf2f-4df0-9209-d0d2796e86ac,POINT (477633.4059563174 4429426.671382561),"{'alternate': array(['education'], dtype=object), 'primary': 'tutoring_center'}",low,['http://www.kumon.com/BOULDER'],,,['3035319990'],,"[{'country': 'US', 'freeform': '2525 Arapahoe Ave Unit H-8', 'locality': 'Boulder', 'postcode': '80302', 'region': 'CO'}]","{'common': None, 'primary': 'Kumon Math & Reading Center of Boulder', 'rules': None}","[{'between': None, 'confidence': 0.77, 'dataset': 'Microsoft', 'license': 'CDLA-Permissive-2.0', 'property': '', 'record_id': '1688849861161123', 'update_time': '2015-05-29T17:59:38.650Z'}
 {'between': None, 'confidence': None, 'dataset': 'Overture', 'license': 'CDLA-Permissive-2.0', 'property': '/properties/confidence', 'record_id': None, 'update_time': '2026-04-07T10:00:15Z'}]",open,tutoring_service,"{'alternates': None, 'hierarchy': array(['education', 'educational_service', 'tutoring_service'],
      dtype=object), 'primary': 'tutoring_service'}",6,7218.0,,,,,,,,,,,,,,,,,,,,,,,nearest,33.53398389296181,,,,,,,,,,,,,,,,,,,,ccf162c6-c4e2-4075-bd88-7465a0a01c26,,"[{'between': None, 'confidence': None, 'dataset': 'OpenStreetMap', 'license': 'ODbL-1.0', 'property': '', 'record_id': 'w111475347@4', 'update_time': '2022-09-09T12:06:35.000Z'}
 {'between': None, 'confidence': None, 'dataset': 'Microsoft ML Buildings', 'license': 'ODbL-1.0', 'property': '/properties/height', 'record_id': None, 'update_time': '2000-01-01T00:00:00.000Z'}]",,5.1370849609375,,False,,,,commercial,retail,,,,,,,,,False,2.0,30m+
f3236df8-2434-4610-b8c9-39c932196d13,POINT (477633.40595633694 4429426.671382566),,low,['http://www.molemediation.com/'],,,['3038186787'],,"[{'country': 'US', 'freeform': '2525 Arapahoe Ave Ste E4-135', 'locality': 'Boulder', 'postcode': '80302', 'region': 'CO'}]","{'common': None, 'primary': 'Simon Mole Mediation, LLC', 'rules': None}","[{'between': None, 'confidence': 0.77, 'dataset': 'Microsoft', 'license': 'CDLA-Permissive-2.0', 'property': '', 'record_id': '844424930747969', 'update_time': '2014-09-12T23:13:02.423Z'}
 {'between': None, 'confidence': None, 'dataset': 'Overture', 'license': 'CDLA-Permissive-2.0', 'property': '/properties/confidence', 'record_id': None, 'update_time': '2026-04-07T10:00:15Z'}]",open,,,1,7218.0,,,,,,,,,,,,,,,,,,,,,,,nearest,33.533983896990065,,,,,,,,,,,,,,,,,,,,ccf162c6-c4e2-4075-bd88-7465a0a01c26,,"[{'between': None, 'confidence': None, 'dataset': 'OpenStreetMap', 'license': 'ODbL-1.0', 'property': '', 'record_id': 'w111475347@4', 'update_time': '2022-09-09T12:06:35.000Z'}
 {'between': None, 'confidence': None, 'dataset': 'Microsoft ML Buildings', 'license': 'ODbL-1.0', 'property': '/properties/height', 'record_id': None, 'update_time': '2000-01-01T00:00:00.000Z'}]",,5.1370849609375,,False,,,,commercial,retail,,,,,,,,,False,2.0,30m+
b7200a15-69af-48d8-b215-5cfaf9ec0823,POINT (477633.40595633694 4429426.671382566),"{'alternate': array(['clothing_store', 'retail'], dtype=object), 'primary': 'childrens_clothing_store'}",low,['http://www.nestchildrensboutique.com/'],,,['7205247676'],,"[{'country': 'US', 'freeform': '2525 Arapahoe Ave Unit H-12', 'locality': 'Boulder', 'postcode': '80302', 'region': 'CO'}]","{'common': None, 'primary': ""Nest Children's Boutique in Boulder"", 'rules': None}","[{'between': None, 'confidence': 0.77, 'dataset': 'Microsoft', 'license': 'CDLA-Permissive-2.0', 'property': '', 'record_id': '1688849860649100', 'update_time': '2014-05-28T14:22:30.193Z'}
 {'between': None, 'confidence': None, 'dataset': 'Overture', 'license': 'CDLA-Permissive-2.0', 'property': '/properties/confidence', 'record_id': None, 'update_time': '2026-04-07T10:00:15Z'}]",open,fashion_and_apparel_store,"{'alternates': None, 'hierarchy': array(['shopping', 'fashion_and_apparel_store', 'clothing_store',
       'childrens_clothing_store'], dtype=object), 'primary': 'childrens_clothing_store'}",6,7218.0,,,,,,,,,,,,,,,,,,,,,,,nearest,33.533983896990065,,,,,,,,,,,,,,,,,,,,ccf162c6-c4e2-4075-bd88-7465a0a01c26,,"[{'between': None, 'confidence': None, 'dataset': 'OpenStreetMap', 'license': 'ODbL-1.0', 'property': '', 'record_id': 'w111475347@4', 'update_time': '2022-09-09T12:06:35.000Z'}
 {'between': None, 'confidence': None, 'dataset': 'Microsoft ML Buildings', 'license': 'ODbL-1.0', 'property': '/properties/height', 'record_id': None, 'update_time': '2000-01-01T00:00:00.000Z'}]",,5.1370849609375,,False,,,,commercial,retail,,,,,,,,,False,2.0,30m+
5d1e49aa-5c04-47e0-8f0b-3c2662837cc8,POINT (477633.40595633694 4429426.671382566),"{'alternate': None, 'primary': 'party_and_event_planning'}",low,['http://www.planaheadevents.com/boulder'],,,['7209248924'],,"[{'country': 'US', 'freeform': '2525 Arapahoe Ave Ste E4-126', 'locality': 'Boulder', 'postcode': '80302', 'region': 'CO'}]","{'common': None, 'primary': 'Plan Ahead Events Boulder', 'rules': None}","[{'between': None, 'confidence': 0.77, 'dataset': 'Microsoft', 'license': 'CDLA-Permissive-2.0', 'property': '', 'record_id': '1688849860814754', 'update_time': '2017-05-24T04:37:01.060Z'}
 {'between': None, 'confidence': None, 'dataset': 'Overture', 'license': 'CDLA-Permissive-2.0', 'property': '/properties/confidence', 'record_id': None, 'update_time': '2026-04-07T10:00:15Z'}]",open,event_or_party_service,"{'alternates': None, 'hierarchy': array(['services_and_business', 'event_or_party_service',
       'party_and_event_planning'], dtype=object), 'primary': 'party_and_event_planning'}",6,7218.0,,,,,,,,,,,,,,,,,,,,,,,nearest,33.533983896990065,,,,,,,,,,,,,,,,,,,,ccf162c6-c4e2-4075-bd88-7465a0a01c26,,"[{'between': None, 'confidence': None, 'dataset': 'OpenStreetMap', 'license': 'ODbL-1.0', 'property': '', 'record_id': 'w111475347@4', 'update_time': '2022-09-09T12:06:35.000Z'}
 {'between': None, 'confidence': None, 'dataset': 'Microsoft ML Buildings', 'license': 'ODbL-1.0', 'property': '/properties/height', 'record_id': None, 'update_time': '2000-01-01T00:00:00.000Z'}]",,5.1370849609375,,False,,,,commercial,retail,,,,,,,,,False,2.0,30m+
1fe3358f-b3ce-4833-8347-fa068f9223fc,POINT (477553.28782968543 4430942.048644649),"{'alternate': array(['dentist', 'health_and_medical'], dtype=object), 'primary': 'general_dentistry'}",low,['http://www.coloradobritesmile.com/'],,,['3034491792'],,"[{'country': 'US', 'freeform': '2880 Folsom St Ste 202', 'locality': 'Boulder', 'postcode': '80304', 'region': 'CO'}]","{'common': None, 'primary': 'Joel L Schaffer, DDS', 'rules': None}","[{'between': None, 'confidence': 0.77, 'dataset': 'Microsoft', 'license': 'CDLA-Permissive-2.0', 'property': '', 'record_id': '1125899906933337', 'update_time': '2013-01-29T00:38:44.250Z'}
 {'between': None, 'confidence': None, 'dataset': 'Overture', 'license': 'CDLA-Permissive-2.0', 'property': '/properties/confidence', 'record_id': None, 'update_time': '2026-04-07T10:00:15Z'}]",open,dental_clinic,"{'alternates': None, 'hierarchy': array(['health_care', 'outpatient_care_facility', 'dental_clinic',
       'general_dentistry'], dtype=object), 'primary': 'general_dentistry'}",6,1982.0,,,,,,,,,,,,,,,,,,,,,,,nearest,34.77347634833343,,,,,,,,,,,,,,,,,,,,7f82cf7e-5389-4c9c-8d46-10466589b54d,,"[{'between': None, 'confidence': None, 'dataset': 'OpenStreetMap', 'license': 'ODbL-1.0', 'property': '', 'record_id': 'w240457730@4', 'update_time': '2024-06-23T21:12:42.000Z'}
 {'between': None, 'confidence': None, 'dataset': 'Microsoft ML Buildings', 'license': 'ODbL-1.0', 'property': '/properties/height', 'record_id': None, 'update_time': '2000-01-01T00:00:00.000Z'}]",,4.571659564971924,,False,,,,commercial,commercial,,,,,,,,,False,2.0,30m+
c7d189b8-e91e-49d8-8c79-2d9a1f2761e7,POINT (476553.64044014557 4429261.763357015),"{'alternate': array(['attractions_and_activities', 'football_stadium'], dtype=object), 'primary': 'stadium_arena'}",low,,,['https://www.facebook.com/875897159227632'],,"{'names': {'common': None, 'primary': None, 'rules': None}, 'wikidata': None}","[{'country': 'US', 'freeform': '1604 Arapahoe Ave', 'locality': 'Boulder', 'postcode': '80302-6312', 'region': 'CO'}]","{'common': None, 'primary': 'Recht Field, Boulder', 'rules': None}","[{'between': None, 'confidence': 0.47100186347961426, 'dataset': 'meta', 'license': 'CDLA-Permissive-2.0', 'property': '', 'record_id': '875897159227632', 'update_time': '2026-04-06T00:00:00.000Z'}
 {'between': None, 'confidence': None, 'dataset': 'Overture', 'license': 'CDLA-Permissive-2.0', 'property': '/properties/confidence', 'record_id': None, 'update_time': '2026-04-07T10:00:15Z'}]",open,stadium_arena,"{'alternates': None, 'hierarchy': array(['arts_and_entertainment', 'stadium_arena'], dtype=object), 'primary': 'stadium_arena'}",4,7435.0,,,,,,,,,,,,,,,,,,,,,,,nearest,35.819621197331124,,,,,,,,,,,,,,,,,,,,b6bbd98e-9f94-42d1-af69-d1d2f2b1c019,,"[{'between': None, 'confidence': None, 'dataset': 'OpenStreetMap', 'license': 'ODbL-1.0', 'property': '', 'record_id': 'w466530309@1', 'update_time': '2017-01-16T23:35:23.000Z'}]",,,,False,,,,,,,,,,,,,,False,1.0,30m+
0dc71ed5-f6ca-42e4-8ffe-475c6d20e9b7,POINT (474738.79801110714 4429387.206649462),"{'alternate': array(['mountain_bike_trails', 'sports_and_recreation_venue'],
      dtype=object), 'primary': 'hiking_trail'}",low,,,['https://www.facebook.com/100738882475072'],['+13034413440'],"{'names': {'common': None, 'primary': None, 'rules': None}, 'wikidata': None}","[{'country': 'US', 'freeform': '', 'locality': 'Boulder', 'postcode': '80302', 'region': 'CO'}]","{'common': None, 'primary': 'The Peoples’ Crossing', 'rules': None}","[{'between': None, 'confidence': 0.17787833511829376, 'dataset': 'meta', 'license': 'CDLA-Permissive-2.0', 'property': '', 'record_id': '100738882475072', 'update_time': '2026-04-06T00:00:00.000Z'}
 {'between': None, 'confidence': None, 'dataset': 'Overture', 'license': 'CDLA-Permissive-2.0', 'property': '/properties/confidence', 'record_id': None, 'update_time': '2026-04-07T10:00:15Z'}]",open,recreational_trail_or_path,"{'alternates': None, 'hierarchy': array(['sports_and_recreation', 'recreational_trail_or_path',
       'hiking_trail'], dtype=object), 'primary': 'hiking_trail'}",8,7184.0,,,,,,,,,,,,,,,,,,,,,,,nearest,36.47955563228732,,,,,,,,,,,,,,,,,,,,cfbd9550-b55a-49a4-94dc-56601ce3c50a,,"[{'between': None, 'confidence': None, 'dataset': 'OpenStreetMap', 'license': 'ODbL-1.0', 'property': '', 'record_id': 'w440859070@1', 'update_time': '2016-09-05T21:19:08.000Z'}
 {'between': None, 'confidence': None, 'dataset': 'Microsoft ML Buildings', 'license': 'ODbL-1.0', 'property': '/properties/height', 'record_id': None, 'update_time': '2021-08-25T00:00:00.000Z'}]",,3.6995484828948975,,False,,,,,,,,,,,,,,False,2.0,30m+
25c4f610-04fa-43ae-a821-ef4d22d83e96,POINT (477466.4159061544 4428260.079938355),"{'alternate': array(['education', 'campus_building'], dtype=object), 'primary': 'college_university'}",low,['https://www.colorado.edu/orientation/families'],['families@colorado.edu'],['https://www.facebook.com/10150149044125646'],['+13034924431'],"{'names': {'common': None, 'primary': None, 'rules': None}, 'wikidata': None}","[{'country': 'US', 'freeform': 'Center for Community, S342', 'locality': 'Boulder', 'postcode': '80309', 'region': 'CO'}]","{'common': None, 'primary': 'University of Colorado Boulder Family Programs', 'rules': None}","[{'between': None, 'confidence': 0.3349687457084656, 'dataset': 'meta', 'license': 'CDLA-Permissive-2.0', 'property': '', 'record_id': '10150149044125646', 'update_time': '2026-04-06T00:00:00.000Z'}
 {'between': None, 'confidence': None, 'dataset': 'Overture', 'license': 'CDLA-Permissive-2.0', 'property': '/properties/confidence', 'record_id': None, 'update_time': '2026-04-07T10:00:15Z'}]",open,college_university,"{'alternates': None, 'hierarchy': array(['education', 'place_of_learning', 'college_university'],
      dtype=object), 'primary': 'college_university'}",1,9625.0,,,,,,,,,,,,,,,,,,,,,,,nearest,36.76531178891324,,,,,,,,,,,,,,,,,,,,192c496a-f1ef-4541-9a03-6b7852f7a1e8,"{'common': None, 'primary': 'Center for Community (C4C)', 'rules': array([{'between': None, 'language': None, 'perspectives': None, 'side': None, 'value': 'C4C', 'variant': 'short'}],
      dtype=object)}","[{'between': None, 'confidence': None, 'dataset': 'OpenStreetMap', 'license': 'ODbL-1.0', 'property': '', 'record_id': 'w81175983@19', 'update_time': '2025-02-11T06:27:27.000Z'}
 {'between': None, 'confidence': None, 'dataset': 'Microsoft ML Buildings', 'license': 'ODbL-1.0', 'property': '/properties/height', 'record_id': None, 'update_time': '2000-01-01T00:00:00.000Z'}]",,9.455445289611816,,False,5.0,,,civic,,,stone,roof_tiles,,,,,,False,2.0,30m+
f104f0f7-1e66-41b8-9587-99ffa620ac6e,POINT (476652.86113509315 4428769.775982258),"{'alternate': array(['public_plaza', 'active_life'], dtype=object), 'primary': 'park'}",low,,,['https://www.facebook.com/650588694965450'],['+13034413388'],"{'names': {'common': None, 'primary': None, 'rules': None}, 'wikidata': None}","[{'country': 'US', 'freeform': '', 'locality': 'Boulder', 'postcode': '80302', 'region': 'CO'}]","{'common': None, 'primary': 'Norlin Quadrangle', 'rules': None}","[{'between': None, 'confidence': 0.5895269513130188, 'dataset': 'meta', 'license': 'CDLA-Permissive-2.0', 'property': '', 'record_id': '650588694965450', 'update_time': '2026-04-06T00:00:00.000Z'}
 {'between': None, 'confidence': None, 'dataset': 'Overture', 'license': 'CDLA-Permissive-2.0', 'property': '/properties/confidence', 'record_id': None, 'update_time': '2026-04-07T10:00:15Z'}]",open,park,"{'alternates': None, 'hierarchy': array(['sports_and_recreation', 'park'], dtype=object), 'primary': 'park'}",8,8412.0,,,,,,,,,,,,,,,,,,,,,,,nearest,37.792576301560544,,,,,,,,,,,,,,,,,,,,27175a45-6e91-4e6f-a400-30d085c7ef20,"{'common': None, 'primary': 'Old Main', 'rules': array([{'between': None, 'language': None, 'perspectives': None, 'side': None, 'value': 'MAIN', 'variant': 'short'}],
      dtype=object)}","[{'between': None, 'confidence': None, 'dataset': 'OpenStreetMap', 'license': 'ODbL-1.0', 'property': '', 'record_id': 'w46194626@10', 'update_time': '2024-03-26T21:16:20.000Z'}
 {'between': None, 'confidence': None, 'dataset': 'Microsoft ML Buildings', 'license': 'ODbL-1.0', 'property': '/properties/height', 'record_id': None, 'update_time': '2000-01-01T00:00:00.000Z'}]",,10.147560119628906,,False,4.0,,,education,university,,,,,,,,,False,2.0,30m+
b7a2a2d5-398d-4529-8268-c49593ecd287,POINT (474875.07265450805 4429329.274682794),"{'alternate': array(['health_and_medical'], dtype=object), 'primary': 'counseling_and_mental_health'}",low,['http://www.porchlighttherapy.com/'],['kathryn@porchlighttherapy.com'],['https://www.facebook.com/1538222089743999'],['+19702815633'],"{'names': {'common': None, 'primary': None, 'rules': None}, 'wikidata': None}","[{'country': 'US', 'freeform': '100 Arapahoe Ave', 'locality': 'Boulder', 'postcode': '80302-5815', 'region': 'CO'}]","{'common': None, 'primary': 'Porchlight Therapy and Addiction', 'rules': None}","[{'between': None, 'confidence': 0.5266849398612976, 'dataset': 'meta', 'license': 'CDLA-Permissive-2.0', 'property': '', 'record_id': '1538222089743999', 'update_time': '2026-04-06T00:00:00.000Z'}
 {'between': None, 'confidence': None, 'dataset': 'Overture', 'license': 'CDLA-Permissive-2.0', 'property': '/properties/confidence', 'record_id': None, 'update_time': '2026-04-07T10:00:15Z'}]",open,behavioral_or_mental_health_clinic,"{'alternates': None, 'hierarchy': array(['health_care', 'outpatient_care_facility',
       'behavioral_or_mental_health_clinic'], dtype=object), 'primary': 'behavioral_or_mental_health_clinic'}",6,7181.0,,,,,,,,,,,,,,,,,,,,,,,nearest,39.086297769400986,,,,,,,,,,,,,,,,,,,,c9dd6811-6ce8-4d53-8bad-ae4cfe43766a,,"[{'between': None, 'confidence': None, 'dataset': 'OpenStreetMap', 'license': 'ODbL-1.0', 'property': '', 'record_id': 'w242247763@2', 'update_time': '2024-07-29T04:31:09.000Z'}
 {'between': None, 'confidence': None, 'dataset': 'Microsoft ML Buildings', 'license': 'ODbL-1.0', 'property': '/properties/height', 'record_id': None, 'update_time': '2021-08-25T00:00:00.000Z'}]",,4.951807022094727,,False,,,,,,,,,,,,,,False,2.0,30m+
f7e5196f-4c61-49e9-88a7-575221cbbb29,POINT (476169.95607981976 4429541.545398924),"{'alternate': None, 'primary': 'library'}",low,['https://www.colorado.edu/law-library/'],,,,"{'names': {'common': None, 'primary': None, 'rules': array([], dtype=object)}, 'wikidata': None}","[{'country': 'US', 'freeform': '402 UCB, 2450 Kittredge Loop Rd.', 'locality': 'Boulder', 'postcode': '80309-0402', 'region': 'CO'}]","{'common': None, 'primary': 'William A. Wise Law Library, University of Colorado Law School', 'rules': array([], dtype=object)}","[{'between': None, 'confidence': 0.4, 'dataset': 'AllThePlaces', 'license': 'CC0-1.0', 'property': '', 'record_id': 'oNlfUvvWGC9sXObmjIz4m6zBx0c=', 'update_time': '2026-03-31T04:54:24.000Z'}
 {'between': None, 'confidence': None, 'dataset': 'Overture', 'license': 'CDLA-Permissive-2.0', 'property': '/properties/confidence', 'record_id': None, 'update_time': '2026-04-07T10:00:15Z'}]",open,library,"{'alternates': None, 'hierarchy': array(['education', 'library'], dtype=object), 'primary': 'library'}",1,6741.0,,,,,,,,,,,,,,,,,,,,,,,nearest,40.407441726924795,,,,,,,,,,,,,,,,,,,,78c308a4-306e-4f0c-bd16-7e1d858d661d,,"[{'between': None, 'confidence': None, 'dataset': 'OpenStreetMap', 'license': 'ODbL-1.0', 'property': '', 'record_id': 'w207394084@3', 'update_time': '2024-07-29T04:31:09.000Z'}]",,,,False,,,,commercial,commercial,,,,,,,,,False,1.0,30m+
fb498670-0c41-4b41-b497-830bbf5f59a8,POINT (476594.21002800093 4428889.157962843),"{'alternate': array(['structure_and_geography', 'landmark_and_historical_building'],
      dtype=object), 'primary': 'lake'}",low,,,['https://www.facebook.com/285094352163235'],,"{'names': {'common': None, 'primary': None, 'rules': None}, 'wikidata': None}","[{'country': 'US', 'freeform': '', 'locality': 'Boulder', 'postcode': '80802', 'region': 'CO'}]","{'common': None, 'primary': 'Varsity Lake', 'rules': None}","[{'between': None, 'confidence': 0.7297230958938599, 'dataset': 'meta', 'license': 'CDLA-Permissive-2.0', 'property': '', 'record_id': '285094352163235', 'update_time': '2026-04-06T00:00:00.000Z'}
 {'between': None, 'confidence': None, 'dataset': 'Overture', 'license': 'CDLA-Permissive-2.0', 'property': '/properties/confidence', 'record_id': None, 'update_time': '2026-04-07T10:00:15Z'}]",open,lake,"{'alternates': None, 'hierarchy': array(['geographic_entities', 'water_feature', 'lake'], dtype=object), 'primary': 'lake'}",6,8306.0,,,,,,,,,,,,,,,,,,,,,,,nearest,40.76996775913838,,,,,,,,,,,,,,,,,,,,8b6a8ca6-354c-4899-871b-d77a9511646e,"{'common': None, 'primary': 'McKenna Languages', 'rules': array([{'between': None, 'language': None, 'perspectives': None, 'side': None, 'value': 'MKNA', 'variant': 'short'}],
      dtype=object)}","[{'between': None, 'confidence': None, 'dataset': 'OpenStreetMap', 'license': 'ODbL-1.0', 'property': '', 'record_id': 'w46194266@10', 'update_time': '2024-03-26T21:16:20.000Z'}
 {'between': None, 'confidence': None, 'dataset': 'Microsoft ML Buildings', 'license': 'ODbL-1.0', 'property': '/properties/height', 'record_id': None, 'update_time': '2000-01-01T00:00:00.000Z'}]",,4.612443447113037,,False,2.0,,,education,university,,,,,,,,,False,2.0,30m+
a6609d27-9ae3-4d94-b06c-426303fe6fdd,POINT (477299.5006334112 4428619.2153384015),"{'alternate': array(['education', 'school'], dtype=object), 'primary': 'college_university'}",low,['http://colorado.edu/'],['community@colorado.edu'],['https://www.facebook.com/83086245170'],['+13034921411'],"{'names': {'common': None, 'primary': None, 'rules': None}, 'wikidata': None}","[{'country': 'US', 'freeform': '2055 Regent Dr', 'locality': 'Boulder', 'postcode': '80309', 'region': 'CO'}]","{'common': None, 'primary': 'University of Colorado Boulder', 'rules': None}","[{'between': None, 'confidence': 0.9766429662704468, 'dataset': 'meta', 'license': 'CDLA-Permissive-2.0', 'property': '', 'record_id': '83086245170', 'update_time': '2026-04-06T00:00:00.000Z'}
 {'between': None, 'confidence': None, 'dataset': 'Overture', 'license': 'CDLA-Permissive-2.0', 'property': '/properties/confidence', 'record_id': None, 'update_time': '2026-04-07T10:00:15Z'}]",open,college_university,"{'alternates': None, 'hierarchy': array(['education', 'place_of_learning', 'college_university'],
      dtype=object), 'primary': 'college_university'}",8,8715.0,,,,,,,,,,,,,,,,,,,,,,,nearest,40.79090103568815,,,,,,,,,,,,,,,,,,,,b6f2fbbb-4e24-42e8-bb76-f046b8dfaa16,"{'common': None, 'primary': 'Benson Earth Sciences', 'rules': array([{'between': None, 'language': None, 'perspectives': None, 'side': None, 'value': 'BESC', 'variant': 'short'}],
      dtype=object)}","[{'between': None, 'confidence': None, 'dataset': 'OpenStreetMap', 'license': 'ODbL-1.0', 'property': '', 'record_id': 'w46493421@11', 'update_time': '2024-03-26T20:52:55.000Z'}
 {'between': None, 'confidence': None, 'dataset': 'Microsoft ML Buildings', 'license': 'ODbL-1.0', 'property': '/properties/height', 'record_id': None, 'update_time': '2000-01-01T00:00:00.000Z'}]",,19.300701141357422,,False,,,,education,university,,stone,roof_tiles,,,,,,False,2.0,30m+
b08f73c0-343d-4a3e-96ed-51fec9883e74,POINT (476834.2347326561 4428471.419833779),"{'alternate': array(['bank_credit_union', 'education'], dtype=object), 'primary': 'credit_union'}",low,['https://www.elevationscu.com/'],,,['3034434672'],,"[{'country': 'US', 'freeform': '1669 Euclid Ave Ste 143', 'locality': 'Boulder', 'postcode': '80309', 'region': 'CO'}]","{'common': None, 'primary': 'Elevations Credit Union', 'rules': None}","[{'between': None, 'confidence': 0.77, 'dataset': 'Microsoft', 'license': 'CDLA-Permissive-2.0', 'property': '', 'record_id': '1407374883592641', 'update_time': '2018-07-11T18:55:32.377Z'}
 {'between': None, 'confidence': None, 'dataset': 'Overture', 'license': 'CDLA-Permissive-2.0', 'property': '/properties/confidence', 'record_id': None, 'update_time': '2026-04-07T10:00:15Z'}]",open,bank_or_credit_union,"{'alternates': None, 'hierarchy': array(['services_and_business', 'financial_service',
       'bank_or_credit_union', 'credit_union'], dtype=object), 'primary': 'credit_union'}",6,8941.0,,,,,,,,,,,,,,,,,,,,,,,nearest,42.13716690481347,,,,,,,,,,,,,,,,,,,,283c1f49-37f1-4585-a216-d58e6ec2a0d2,"{'common': None, 'primary': 'University Memorial Center', 'rules': array([{'between': None, 'language': None, 'perspectives': None, 'side': None, 'value': 'UMC', 'variant': 'short'}],
      dtype=object)}","[{'between': None, 'confidence': None, 'dataset': 'OpenStreetMap', 'license': 'ODbL-1.0', 'property': '', 'record_id': 'w46217915@27', 'update_time': '2025-09-13T03:12:19.000Z'}]",,,,False,5.0,,,civic,,,stone,roof_tiles,,,,,,False,1.0,30m+
b895125d-4a71-41d6-a056-819101f5e8e2,POINT (476834.2347326561 4428471.419833779),"{'alternate': None, 'primary': 'academic_bookstore'}",low,['http://www.cubookstore.com'],['assist@cubookstore.com'],"['https://www.twitter.com/cubookstore'
 'https://www.facebook.com/15922659191']",['(303) 492-6411'],,"[{'country': 'US', 'freeform': '1669 Euclid Ave', 'locality': 'Boulder', 'postcode': '80309', 'region': 'CO'}]","{'common': None, 'primary': 'CU Book Store', 'rules': None}","[{'between': None, 'confidence': 0.77, 'dataset': 'Foursquare', 'license': 'Apache-2.0', 'property': '', 'record_id': '4c2ba37777cfe21ec1d1b4f1', 'update_time': '2026-02-19T00:00:00.000'}
 {'between': None, 'confidence': None, 'dataset': 'Overture', 'license': 'CDLA-Permissive-2.0', 'property': '/properties/confidence', 'record_id': None, 'update_time': '2026-04-07T10:00:15Z'}]",open,books_music_and_video_store,"{'alternates': None, 'hierarchy': array(['shopping', 'specialty_store', 'books_music_and_video_store',
       'bookstore', 'academic_bookstore'], dtype=object), 'primary': 'academic_bookstore'}",4,8941.0,,,,,,,,,,,,,,,,,,,,,,,nearest,42.13716690481347,,,,,,,,,,,,,,,,,,,,283c1f49-37f1-4585-a216-d58e6ec2a0d2,"{'common': None, 'primary': 'University Memorial Center', 'rules': array([{'between': None, 'language': None, 'perspectives': None, 'side': None, 'value': 'UMC', 'variant': 'short'}],
      dtype=object)}","[{'between': None, 'confidence': None, 'dataset': 'OpenStreetMap', 'license': 'ODbL-1.0', 'property': '', 'record_id': 'w46217915@27', 'update_time': '2025-09-13T03:12:19.000Z'}]",,,,False,5.0,,,civic,,,stone,roof_tiles,,,,,,False,1.0,30m+
93d6479a-f3ac-480b-8a10-0b1369cc2a51,POINT (474762.5945390578 4430183.854063552),"{'alternate': array(['attractions_and_activities', 'structure_and_geography'],
      dtype=object), 'primary': 'hiking_trail'}",low,['https://bouldercolorado.gov/osmp/mount-sanitas-trailhead'],,['https://www.facebook.com/2688974177994338'],['+13034413388'],"{'names': {'common': None, 'primary': None, 'rules': None}, 'wikidata': None}","[{'country': 'US', 'freeform': '210 Sunshine Canyon Dr', 'locality': 'Boulder', 'postcode': '80302-8732', 'region': 'CO'}]","{'common': None, 'primary': 'Mount Sanitas Trailhead', 'rules': None}","[{'between': None, 'confidence': 0.716450035572052, 'dataset': 'meta', 'license': 'CDLA-Permissive-2.0', 'property': '', 'record_id': '2688974177994338', 'update_time': '2026-04-06T00:00:00.000Z'}
 {'between': None, 'confidence': None, 'dataset': 'Overture', 'license': 'CDLA-Permissive-2.0', 'property': '/properties/confidence', 'record_id': None, 'update_time': '2026-04-07T10:00:15Z'}]",open,recreational_trail_or_path,"{'alternates': None, 'hierarchy': array(['sports_and_recreation', 'recreational_trail_or_path',
       'hiking_trail'], dtype=object), 'primary': 'hiking_trail'}",7,4913.0,,,,,,,,,,,,,,,,,,,,,,,nearest,51.642240206838416,,,,,,,,,,,,,,,,,,,,92f6175f-770f-4be4-8058-5c9b59009079,,"[{'between': None, 'confidence': None, 'dataset': 'OpenStreetMap', 'license': 'ODbL-1.0', 'property': '', 'record_id': 'w1381464849@1', 'update_time': '2025-04-26T17:36:22.000Z'}
 {'between': None, 'confidence': None, 'dataset': 'Microsoft ML Buildings', 'license': 'ODbL-1.0', 'property': '/properties/height', 'record_id': None, 'update_time': '2021-08-25T00:00:00.000Z'}]",,4.2158894538879395,,False,,,,,,,,,,,,,,False,2.0,30m+
1b66ef8e-b07f-4eb0-8926-359194beee4a,POINT (474699.2426637775 4429269.057227222),"{'alternate': array(['active_life', 'sports_club_and_league'], dtype=object), 'primary': 'river'}",low,['http://www.bouldercolorado.gov/index.php?option=com_content&id=2875&Itemid=1016#falls'],,['https://www.facebook.com/376472202407219'],['+13034413440'],"{'names': {'common': None, 'primary': None, 'rules': None}, 'wikidata': None}","[{'country': 'US', 'freeform': '33456 Boulder Canyon Dr.', 'locality': 'Boulder', 'postcode': '80302', 'region': 'CO'}]","{'common': None, 'primary': 'Boulder Creek', 'rules': None}","[{'between': None, 'confidence': 0.9147700667381287, 'dataset': 'meta', 'license': 'CDLA-Permissive-2.0', 'property': '', 'record_id': '376472202407219', 'update_time': '2026-04-06T00:00:00.000Z'}
 {'between': None, 'confidence': None, 'dataset': 'Overture', 'license': 'CDLA-Permissive-2.0', 'property': '/properties/confidence', 'record_id': None, 'update_time': '2026-04-07T10:00:15Z'}]",open,river,"{'alternates': None, 'hierarchy': array(['geographic_entities', 'water_feature', 'river'], dtype=object), 'primary': 'river'}",6,7476.0,,,,,,,,,,,,,,,,,,,,,,,nearest,57.90400298538596,,,,,,,,,,,,,,,,,,,,f0072092-ab70-45d5-a8b1-6683238cad10,,"[{'between': None, 'confidence': None, 'dataset': 'OpenStreetMap', 'license': 'ODbL-1.0', 'property': '', 'record_id': 'w222382906@2', 'update_time': '2022-10-06T23:10:49.000Z'}
 {'between': None, 'confidence': None, 'dataset': 'Microsoft ML Buildings', 'license': 'ODbL-1.0', 'property': '/properties/height', 'record_id': None, 'update_time': '2021-08-25T00:00:00.000Z'}]",,4.942352771759033,,False,,,,,,,,,,,,,,False,2.0,30m+
5edf7d90-4810-4943-95ff-6d29bd7cb349,POINT (477095.9575380272 4429756.798749212),"{'alternate': array(['real_estate_service', 'landmark_and_historical_building'],
      dtype=object), 'primary': 'park'}",low,['http://www.bouldercoloradousa.com/listings/?action=display&listingID=1635&menuId=161&hit=1'],,['https://www.facebook.com/230835936927076'],['+13034137200'],"{'names': {'common': None, 'primary': None, 'rules': None}, 'wikidata': None}","[{'country': 'US', 'freeform': '2001 Canyon Blvd', 'locality': 'Boulder', 'postcode': '80302', 'region': 'CO'}]","{'common': None, 'primary': 'Canyon Park', 'rules': None}","[{'between': None, 'confidence': 0.9449453949928284, 'dataset': 'meta', 'license': 'CDLA-Permissive-2.0', 'property': '', 'record_id': '230835936927076', 'update_time': '2026-04-06T00:00:00.000Z'}
 {'between': None, 'confidence': None, 'dataset': 'Overture', 'license': 'CDLA-Permissive-2.0', 'property': '/properties/confidence', 'record_id': None, 'update_time': '2026-04-07T10:00:15Z'}]",open,park,"{'alternates': None, 'hierarchy': array(['sports_and_recreation', 'park'], dtype=object), 'primary': 'park'}",6,6299.0,,,,,,,,,,,,,,,,,,,,,,,nearest,58.25984567479251,,,,,,,,,,,,,,,,,,,,9931b3ea-1d8b-47e8-b3d5-9f99d7ed0652,,"[{'between': None, 'confidence': None, 'dataset': 'Esri Community Maps', 'license': 'Creative Commons by Attribution (CC BY 4.0) with OpenStreetMap waivers', 'property': '', 'record_id': '47AA150A-1587-485F-8460-E2EA9008440B', 'update_time': '2025-08-11T00:00:00.000Z'}]",,,,False,,,,,,,,,,,,,,False,1.0,30m+
e07b0594-4dd2-4525-aff8-b32f0b9d9293,POINT (474829.2802070565 4429250.749464936),"{'alternate': array(['sports_and_recreation_venue', 'attractions_and_activities'],
      dtype=object), 'primary': 'park'}",low,['https://bouldercolorado.gov/parks-rec/eben-g-fine-park'],,['https://www.facebook.com/325968607478405'],['+13034137200'],"{'names': {'common': None, 'primary': None, 'rules': None}, 'wikidata': None}","[{'country': 'US', 'freeform': '101 Arapahoe Ave', 'locality': 'Boulder', 'postcode': '80302', 'region': 'CO'}]","{'common': None, 'primary': 'Eben G. Fine Park', 'rules': None}","[{'between': None, 'confidence': 0.9932878613471985, 'dataset': 'meta', 'license': 'CDLA-Permissive-2.0', 'property': '', 'record_id': '325968607478405', 'update_time': '2026-04-06T00:00:00.000Z'}
 {'between': None, 'confidence': None, 'dataset': 'Overture', 'license': 'CDLA-Permissive-2.0', 'property': '/properties/confidence', 'record_id': None, 'update_time': '2026-04-07T10:00:15Z'}]",open,park,"{'alternates': None, 'hierarchy': array(['sports_and_recreation', 'park'], dtype=object), 'primary': 'park'}",7,7625.0,,,,,,,,,,,,,,,,,,,,,,,nearest,59.74117503191813,,,,,,,,,,,,,,,,,,,,00780f93-3d8d-4c5d-95c0-8e9d031363cf,,"[{'between': None, 'confidence': None, 'dataset': 'OpenStreetMap', 'license': 'ODbL-1.0', 'property': '', 'record_id': 'w461634107@1', 'update_time': '2016-12-25T00:19:58.000Z'}
 {'between': None, 'confidence': None, 'dataset': 'Microsoft ML Buildings', 'license': 'ODbL-1.0', 'property': '/properties/height', 'record_id': None, 'update_time': '2021-08-25T00:00:00.000Z'}]",,5.125039100646973,,False,,,,,,,,,,,,,,False,2.0,30m+
09a38959-61e7-44b7-8a45-65faeeb59420,POINT (475622.6177178717 4429412.314315663),"{'alternate': array(['fishing_club', 'kids_recreation_and_party'], dtype=object), 'primary': 'structure_and_geography'}",low,,,['https://www.facebook.com/180424616003609'],['+13034137200'],"{'names': {'common': None, 'primary': None, 'rules': None}, 'wikidata': None}","[{'country': 'US', 'freeform': '9th Street and Boulder Creek East Boulder, CO 80302, 9th St', 'locality': 'Boulder', 'postcode': '80302', 'region': 'CO'}]","{'common': None, 'primary': ""Evert Pierson Kids' Fishing Pond"", 'rules': None}","[{'between': None, 'confidence': 0.9208460450172424, 'dataset': 'meta', 'license': 'CDLA-Permissive-2.0', 'property': '', 'record_id': '180424616003609', 'update_time': '2026-04-06T00:00:00.000Z'}
 {'between': None, 'confidence': None, 'dataset': 'Overture', 'license': 'CDLA-Permissive-2.0', 'property': '/properties/confidence', 'record_id': None, 'update_time': '2026-04-07T10:00:15Z'}]",open,,"{'alternates': None, 'hierarchy': array(['geographic_entities'], dtype=object), 'primary': 'geographic_entities'}",9,7164.0,,,,,,,,,,,,,,,,,,,,,,,nearest,66.41495424156997,,,,,,,,,,,,,,,,,,,,10d4f9c2-b122-4ac5-b939-fe698e2249a7,,"[{'between': None, 'confidence': None, 'dataset': 'OpenStreetMap', 'license': 'ODbL-1.0', 'property': '', 'record_id': 'w242130406@3', 'update_time': '2024-07-29T04:31:09.000Z'}
 {'between': None, 'confidence': None, 'dataset': 'Microsoft ML Buildings', 'license': 'ODbL-1.0', 'property': '/properties/height', 'record_id': None, 'update_time': '2021-08-25T00:00:00.000Z'}]",,9.405027389526367,,False,,,,,,,,,,,,,,False,2.0,30m+
44ff6eeb-0318-4e23-b4ee-c5602c668f35,POINT (476038.69159655384 4429451.75258404),"{'alternate': array(['attractions_and_activities'], dtype=object), 'primary': 'park'}",low,,,['https://www.facebook.com/103286001090894'],,"{'names': {'common': None, 'primary': None, 'rules': None}, 'wikidata': None}","[{'country': 'US', 'freeform': 'Boulder Creek Path', 'locality': 'Boulder', 'postcode': '80302', 'region': 'CO'}]","{'common': None, 'primary': 'Boulder International Peace Garden', 'rules': None}","[{'between': None, 'confidence': 0.8815111517906189, 'dataset': 'meta', 'license': 'CDLA-Permissive-2.0', 'property': '', 'record_id': '103286001090894', 'update_time': '2026-04-06T00:00:00.000Z'}
 {'between': None, 'confidence': None, 'dataset': 'Overture', 'license': 'CDLA-Permissive-2.0', 'property': '/properties/confidence', 'record_id': None, 'update_time': '2026-04-07T10:00:15Z'}]",open,park,"{'alternates': None, 'hierarchy': array(['sports_and_recreation', 'park'], dtype=object), 'primary': 'park'}",7,6918.0,,,,,,,,,,,,,,,,,,,,,,,nearest,67.84285671148704,,,,,,,,,,,,,,,,,,,,332d6626-1264-45f2-801c-eea9ca0845de,"{'common': None, 'primary': 'Municipal Building', 'rules': None}","[{'between': None, 'confidence': None, 'dataset': 'OpenStreetMap', 'license': 'ODbL-1.0', 'property': '', 'record_id': 'w119530898@4', 'update_time': '2024-06-07T05:13:37.000Z'}]",,,,False,,,,,,,,,,,,,,False,1.0,30m+
2283b73a-dbe4-4928-b522-0a6471ed12e1,POINT (477660.20651347423 4427806.552401384),,low,"['https://bitcoindepot.com/'
 'https://branches.bitcoindepot.com/co/boulder/bitcoin-atm/9000751666']",['Support@BitcoinDepot.com'],"['https://www.facebook.com/BitcoinDepot/'
 'https://twitter.com/bitcoin_depot'
 'https://www.instagram.com/bitcoindepot/'
 'https://www.linkedin.com/company/bitcoin-depot/']",['+16784359604'],,"[{'country': 'US', 'freeform': '2550 Baseline Rd', 'locality': 'Boulder', 'postcode': '80305', 'region': 'CO'}]","{'common': None, 'primary': 'Bitcoin Depot - Bitcoin ATM', 'rules': None}","[{'between': None, 'confidence': 1.0, 'dataset': 'DAC', 'license': 'CDLA-Permissive-2.0', 'property': '', 'record_id': 'overture:places:place:9000751666', 'update_time': '2026-03-31T09:42:21.843Z'}
 {'between': None, 'confidence': None, 'dataset': 'Overture', 'license': 'CDLA-Permissive-2.0', 'property': '/properties/confidence', 'record_id': None, 'update_time': '2026-04-07T10:00:15Z'}]",open,,,6,595.0,,,,,,,,,,,,,,,,,,,,,,,nearest,74.85028899266264,,,,,,,,,,,,,,,,,,,,fda2ae59-14ca-46d5-9ba5-46c30983a59b,"{'common': None, 'primary': 'Wolf Law', 'rules': array([{'between': None, 'language': None, 'perspectives': None, 'side': None, 'value': 'WLAW', 'variant': 'short'}],
      dtype=object)}","[{'between': None, 'confidence': None, 'dataset': 'OpenStreetMap', 'license': 'ODbL-1.0', 'property': '', 'record_id': 'r12098405@3', 'update_time': '2025-05-19T18:11:50.000Z'}
 {'between': None, 'confidence': None, 'dataset': 'Microsoft ML Buildings', 'license': 'ODbL-1.0', 'property': '/properties/height', 'record_id': None, 'update_time': '2000-01-01T00:00:00.000Z'}]",,6.985232830047607,,False,4.0,,,education,university,,,,,,,#FF0000,,True,3.0,30m+
8c6f77c8-3cfc-4142-8bcc-e31bca68ab64,POINT (476013.5952973798 4429449.065599711),"{'alternate': array(['art_gallery', 'arts_and_crafts'], dtype=object), 'primary': 'arts_and_entertainment'}",low,,,['https://www.facebook.com/132781170133587'],['+13034442523'],"{'names': {'common': None, 'primary': None, 'rules': None}, 'wikidata': None}","[{'country': 'US', 'freeform': '1146 Pearl St', 'locality': 'Boulder', 'postcode': '80302-5112', 'region': 'CO'}]","{'common': None, 'primary': 'Boulder Art Fair', 'rules': None}","[{'between': None, 'confidence': 0.6625473499298096, 'dataset': 'meta', 'license': 'CDLA-Permissive-2.0', 'property': '', 'record_id': '132781170133587', 'update_time': '2026-04-06T00:00:00.000Z'}
 {'between': None, 'confidence': None, 'dataset': 'Overture', 'license': 'CDLA-Permissive-2.0', 'property': '/properties/confidence', 'record_id': None, 'update_time': '2026-04-07T10:00:15Z'}]",open,,"{'alternates': None, 'hierarchy': array(['arts_and_entertainment'], dtype=object), 'primary': 'arts_and_entertainment'}",1,7241.0,,,,,,,,,,,,,,,,,,,,,,,nearest,77.16836563779546,,,,,,,,,,,,,,,,,,,,b4674090-59dc-41f5-b2a9-4dab77f1fd58,"{'common': None, 'primary': 'Boulder Public Library - Main Branch', 'rules': None}","[{'between': None, 'confidence': None, 'dataset': 'OpenStreetMap', 'license': 'ODbL-1.0', 'property': '', 'record_id': 'w144846999@13', 'update_time': '2025-11-15T23:04:22.000Z'}]",1.0,,,False,2.0,,,civic,library,,,,,,,,,False,1.0,30m+
13d4dc50-f16c-4337-b794-9364743f36bc,POINT (474782.7759102567 4429373.759414296),"{'alternate': array(['active_life', 'landmark_and_historical_building'], dtype=object), 'primary': 'park'}",low,['https://www.discovertheforest.org'],,['https://www.facebook.com/176719495722111'],['+13034413440'],"{'names': {'common': None, 'primary': 'Discover the Forest', 'rules': None}, 'wikidata': None}","[{'country': 'US', 'freeform': 'Canyon Blvd & Pearl St, 205', 'locality': 'Boulder', 'postcode': '80302-4920', 'region': 'CO'}]","{'common': None, 'primary': ""Settler's Park"", 'rules': None}","[{'between': None, 'confidence': 0.9862412214279175, 'dataset': 'meta', 'license': 'CDLA-Permissive-2.0', 'property': '', 'record_id': '176719495722111', 'update_time': '2026-04-06T00:00:00.000Z'}
 {'between': None, 'confidence': None, 'dataset': 'Overture', 'license': 'CDLA-Permissive-2.0', 'property': '/properties/confidence', 'record_id': None, 'update_time': '2026-04-07T10:00:15Z'}]",open,park,"{'alternates': None, 'hierarchy': array(['sports_and_recreation', 'park'], dtype=object), 'primary': 'park'}",8,7184.0,,,,,,,,,,,,,,,,,,,,,,,nearest,81.03503916544683,,,,,,,,,,,,,,,,,,,,cfbd9550-b55a-49a4-94dc-56601ce3c50a,,"[{'between': None, 'confidence': None, 'dataset': 'OpenStreetMap', 'license': 'ODbL-1.0', 'property': '', 'record_id': 'w440859070@1', 'update_time': '2016-09-05T21:19:08.000Z'}
 {'between': None, 'confidence': None, 'dataset': 'Microsoft ML Buildings', 'license': 'ODbL-1.0', 'property': '/properties/height', 'record_id': None, 'update_time': '2021-08-25T00:00:00.000Z'}]",,3.6995484828948975,,False,,,,,,,,,,,,,,False,2.0,30m+
0a268d22-b702-4434-b0ad-cf2894eb7dc2,POINT (475808.7053550534 4428782.498650448),"{'alternate': array(['funeral_services_and_cemeteries'], dtype=object), 'primary': 'public_service_and_government'}",low,['http://columbia-cemetery-boulder-usa.placestars.com'],,['https://www.facebook.com/342351699191722'],,"{'names': {'common': None, 'primary': None, 'rules': None}, 'wikidata': None}","[{'country': 'US', 'freeform': '1201 9th St', 'locality': 'Boulder', 'postcode': '80302', 'region': 'CO'}]","{'common': None, 'primary': 'Columbia Cemetery', 'rules': None}","[{'between': None, 'confidence': 0.9872424602508545, 'dataset': 'meta', 'license': 'CDLA-Permissive-2.0', 'property': '', 'record_id': '342351699191722', 'update_time': '2026-04-06T00:00:00.000Z'}
 {'between': None, 'confidence': None, 'dataset': 'Overture', 'license': 'CDLA-Permissive-2.0', 'property': '/properties/confidence', 'record_id': None, 'update_time': '2026-04-07T10:00:15Z'}]",open,,"{'alternates': None, 'hierarchy': array(['community_and_government'], dtype=object), 'primary': 'community_and_government'}",7,8387.0,,,,,,,,,,,,,,,,,,,,,,,nearest,83.3510666895089,,,,,,,,,,,,,,,,,,,,c32ae4b2-064a-44e9-b3e9-7950f39f65b7,,"[{'between': None, 'confidence': None, 'dataset': 'OpenStreetMap', 'license': 'ODbL-1.0', 'property': '', 'record_id': 'w242371063@1', 'update_time': '2013-10-22T15:49:32.000Z'}
 {'between': None, 'confidence': None, 'dataset': 'Microsoft ML Buildings', 'license': 'ODbL-1.0', 'property': '/properties/height', 'record_id': None, 'update_time': '2021-08-25T00:00:00.000Z'}]",,3.3327322006225586,,False,,,,,,,,,,,,,,False,2.0,30m+
24c30972-55dc-4378-971c-2d01479c812b,POINT (477678.0388045296 4427803.814072846),"{'alternate': None, 'primary': 'retail'}",low,['http://www.republiccyclesboulder.com'],,,['(303) 413-0228'],,"[{'country': 'US', 'freeform': '2626 Baseline Rd', 'locality': 'Boulder', 'postcode': '80305', 'region': 'CO'}]","{'common': None, 'primary': 'Republic Cycles', 'rules': None}","[{'between': None, 'confidence': 0.77, 'dataset': 'Foursquare', 'license': 'Apache-2.0', 'property': '', 'record_id': '68f6c97ca8365e1a9b0e176c', 'update_time': '2025-10-20T00:00:00.000'}
 {'between': None, 'confidence': None, 'dataset': 'Overture', 'license': 'CDLA-Permissive-2.0', 'property': '/properties/confidence', 'record_id': None, 'update_time': '2026-04-07T10:00:15Z'}]",open,,"{'alternates': None, 'hierarchy': array(['shopping'], dtype=object), 'primary': 'shopping'}",2,595.0,,,,,,,,,,,,,,,,,,,,,,,nearest,83.94938164671551,,,,,,,,,,,,,,,,,,,,fda2ae59-14ca-46d5-9ba5-46c30983a59b,"{'common': None, 'primary': 'Wolf Law', 'rules': array([{'between': None, 'language': None, 'perspectives': None, 'side': None, 'value': 'WLAW', 'variant': 'short'}],
      dtype=object)}","[{'between': None, 'confidence': None, 'dataset': 'OpenStreetMap', 'license': 'ODbL-1.0', 'property': '', 'record_id': 'r12098405@3', 'update_time': '2025-05-19T18:11:50.000Z'}
 {'between': None, 'confidence': None, 'dataset': 'Microsoft ML Buildings', 'license': 'ODbL-1.0', 'property': '/properties/height', 'record_id': None, 'update_time': '2000-01-01T00:00:00.000Z'}]",,6.985232830047607,,False,4.0,,,education,university,,,,,,,#FF0000,,True,3.0,30m+
30acb079-0ac3-4b97-b891-43b05a8dbdcb,POINT (477709.2792173382 4427820.781858983),"{'alternate': array(['printing_services', 'shipping_center', 'post_office'],
      dtype=object), 'primary': 'courier_and_delivery_services'}",low,['http://local.van.fedex.com/co/boulder/office-0414'],,,['3034942622'],,"[{'country': 'US', 'freeform': '2616 Baseline Rd', 'locality': 'Boulder', 'postcode': '80305', 'region': 'CO'}]","{'common': None, 'primary': 'FedEx Office Print & Ship Center', 'rules': None}","[{'between': None, 'confidence': 0.77, 'dataset': 'Microsoft', 'license': 'CDLA-Permissive-2.0', 'property': '', 'record_id': '1407374883755203', 'update_time': '2012-07-07T01:05:49.610Z'}
 {'between': None, 'confidence': None, 'dataset': 'Overture', 'license': 'CDLA-Permissive-2.0', 'property': '/properties/confidence', 'record_id': None, 'update_time': '2026-04-07T10:00:15Z'}]",open,shipping_or_delivery_service,"{'alternates': None, 'hierarchy': array(['services_and_business', 'shipping_or_delivery_service',
       'courier_and_delivery_service'], dtype=object), 'primary': 'courier_and_delivery_service'}",8,596.0,,,,,,,,,,,,,,,,,,,,,,,nearest,87.70623897834862,,,,,,,,,,,,,,,,,,,,6d84c3f3-f3a6-4127-ae20-80b7095b1e8b,,"[{'between': None, 'confidence': None, 'dataset': 'Esri Community Maps', 'license': 'Creative Commons by Attribution (CC BY 4.0) with OpenStreetMap waivers', 'property': '', 'record_id': '8BF30059-DB54-4BBE-9667-5B02C9B51319', 'update_time': '2025-08-11T00:00:00.000Z'}]",,,,False,,,,,,,,,,,,,,False,1.0,30m+
6ce2c722-1379-4a47-a84c-a71c617e28bf,POINT (477709.2792173382 4427820.781858983),"{'alternate': None, 'primary': 'data_recovery'}",low,['https://www.salvagedata.com/data-recovery-boulder-co/?source=bing&medium=bing-maps&campaign=boulder&partnerid=acc3448-22'],,,['3033279230'],,"[{'country': 'US', 'freeform': '2616 Baseline Rd', 'locality': 'Boulder', 'postcode': '80305', 'region': 'CO'}]","{'common': None, 'primary': 'SALVAGEDATA Recovery Services', 'rules': None}","[{'between': None, 'confidence': 0.77, 'dataset': 'Microsoft', 'license': 'CDLA-Permissive-2.0', 'property': '', 'record_id': '1125899913146813', 'update_time': '2024-11-26T23:24:59.577Z'}
 {'between': None, 'confidence': None, 'dataset': 'Overture', 'license': 'CDLA-Permissive-2.0', 'property': '/properties/confidence', 'record_id': None, 'update_time': '2026-04-07T10:00:15Z'}]",open,technical_service,"{'alternates': None, 'hierarchy': array(['services_and_business', 'technical_service',
       'it_service_and_computer_repair', 'data_recovery'], dtype=object), 'primary': 'data_recovery'}",5,596.0,,,,,,,,,,,,,,,,,,,,,,,nearest,87.70623897834862,,,,,,,,,,,,,,,,,,,,6d84c3f3-f3a6-4127-ae20-80b7095b1e8b,,"[{'between': None, 'confidence': None, 'dataset': 'Esri Community Maps', 'license': 'Creative Commons by Attribution (CC BY 4.0) with OpenStreetMap waivers', 'property': '', 'record_id': '8BF30059-DB54-4BBE-9667-5B02C9B51319', 'update_time': '2025-08-11T00:00:00.000Z'}]",,,,False,,,,,,,,,,,,,,False,1.0,30m+
4569639a-e5d2-4889-8efa-7c8cd150d786,POINT (474648.8336650021 4427999.720305975),"{'alternate': array(['rock_climbing_spot', 'attractions_and_activities'], dtype=object), 'primary': 'hiking_trail'}",low,['https://www.discovertheforest.org'],,['https://www.facebook.com/525360727796099'],['+13034413440'],"{'names': {'common': None, 'primary': 'Discover the Forest', 'rules': None}, 'wikidata': None}","[{'country': 'US', 'freeform': '210 Flagstaff Rd', 'locality': 'Boulder County', 'postcode': '80302', 'region': None}]","{'common': None, 'primary': 'Crown Rock Trailhead', 'rules': None}","[{'between': None, 'confidence': 0.9823258519172668, 'dataset': 'meta', 'license': 'CDLA-Permissive-2.0', 'property': '', 'record_id': '525360727796099', 'update_time': '2026-04-06T00:00:00.000Z'}
 {'between': None, 'confidence': None, 'dataset': 'Overture', 'license': 'CDLA-Permissive-2.0', 'property': '/properties/confidence', 'record_id': None, 'update_time': '2026-04-07T10:00:15Z'}]",open,recreational_trail_or_path,"{'alternates': None, 'hierarchy': array(['sports_and_recreation', 'recreational_trail_or_path',
       'hiking_trail'], dtype=object), 'primary': 'hiking_trail'}",10,76.0,,,,,,,,,,,,,,,,,,,,,,,nearest,112.03304695444218,,,,,,,,,,,,,,,,,,,,0ed7782e-54c6-47ad-a9b2-ca3a622e7fc5,,"[{'between': None, 'confidence': None, 'dataset': 'Microsoft ML Buildings', 'license': 'ODbL-1.0', 'property': '', 'record_id': None, 'update_time': '2000-01-01T00:00:00.000Z'}]",,,,False,,,,,,,,,,,,,,False,3.0,30m+
35df4e7c-f8bc-497c-a12c-8b13c7591063,POINT (474787.0985293222 4428465.927972775),"{'alternate': array(['beer_bar', 'landmark_and_historical_building'], dtype=object), 'primary': 'pub'}",low,,,['https://www.facebook.com/173322732874702'],,"{'names': {'common': None, 'primary': None, 'rules': None}, 'wikidata': None}","[{'country': 'US', 'freeform': '1501 Flagstaff Rd', 'locality': 'Boulder', 'postcode': '80302', 'region': 'CO'}]","{'common': None, 'primary': 'Boulder Star', 'rules': None}","[{'between': None, 'confidence': 0.4351397752761841, 'dataset': 'meta', 'license': 'CDLA-Permissive-2.0', 'property': '', 'record_id': '173322732874702', 'update_time': '2026-04-06T00:00:00.000Z'}
 {'between': None, 'confidence': None, 'dataset': 'Overture', 'license': 'CDLA-Permissive-2.0', 'property': '/properties/confidence', 'record_id': None, 'update_time': '2026-04-07T10:00:15Z'}]",open,bar,"{'alternates': None, 'hierarchy': array(['food_and_drink', 'alcoholic_beverage_venue', 'bar', 'pub'],
      dtype=object), 'primary': 'pub'}",8,8986.0,,,,,,,,,,,,,,,,,,,,,,,nearest,124.75950295015534,,,,,,,,,,,,,,,,,,,,765dfb50-b49f-4b71-8f4d-193a6cacf056,"{'common': None, 'primary': 'Halfway House', 'rules': None}","[{'between': None, 'confidence': None, 'dataset': 'OpenStreetMap', 'license': 'ODbL-1.0', 'property': '', 'record_id': 'w461634122@1', 'update_time': '2016-12-25T00:19:59.000Z'}
 {'between': None, 'confidence': None, 'dataset': 'Microsoft ML Buildings', 'license': 'ODbL-1.0', 'property': '/properties/height', 'record_id': None, 'update_time': '2021-08-25T00:00:00.000Z'}]",,2.8351082801818848,,False,,,,,,,,,,,,,,False,2.0,30m+
2fcf0a61-0251-482e-ac95-6d2435dba696,POINT (474714.6450057605 4429724.942372557),"{'alternate': array(['attractions_and_activities', 'sports_and_recreation_venue'],
      dtype=object), 'primary': 'hiking_trail'}",low,['http://www.redrocksonline.com'],,['https://www.facebook.com/146327015400284'],,"{'names': {'common': None, 'primary': None, 'rules': None}, 'wikidata': None}","[{'country': 'US', 'freeform': 'Red Rocks Trl', 'locality': 'Boulder', 'postcode': '80302', 'region': 'CO'}]","{'common': None, 'primary': 'Red Rocks Trail Boulder', 'rules': None}","[{'between': None, 'confidence': 0.9493026733398438, 'dataset': 'meta', 'license': 'CDLA-Permissive-2.0', 'property': '', 'record_id': '146327015400284', 'update_time': '2026-04-06T00:00:00.000Z'}
 {'between': None, 'confidence': None, 'dataset': 'Overture', 'license': 'CDLA-Permissive-2.0', 'property': '/properties/confidence', 'record_id': None, 'update_time': '2026-04-07T10:00:15Z'}]",open,recreational_trail_or_path,"{'alternates': None, 'hierarchy': array(['sports_and_recreation', 'recreational_trail_or_path',
       'hiking_trail'], dtype=object), 'primary': 'hiking_trail'}",1,6161.0,,,,,,,,,,,,,,,,,,,,,,,nearest,127.90346497394634,,,,,,,,,,,,,,,,,,,,9cae19ff-d13a-40d8-8b29-70587dc51e4b,,"[{'between': None, 'confidence': None, 'dataset': 'OpenStreetMap', 'license': 'ODbL-1.0', 'property': '', 'record_id': 'w242256087@3', 'update_time': '2024-07-29T04:31:09.000Z'}
 {'between': None, 'confidence': None, 'dataset': 'Microsoft ML Buildings', 'license': 'ODbL-1.0', 'property': '/properties/height', 'record_id': None, 'update_time': '2021-08-25T00:00:00.000Z'}]",,4.788346290588379,,False,,,,residential,house,,,,,,,,,False,2.0,30m+
fb8dbbce-6ab8-4476-95cb-beb2394e9921,POINT (474838.31655634195 4430479.7959144795),"{'alternate': array(['retail'], dtype=object), 'primary': 'home_decor'}",low,['http://emiliaceramics.com/'],,,['3034420180'],,"[{'country': 'US', 'freeform': '311 Mapleton Ave', 'locality': 'Boulder', 'postcode': '80304', 'region': 'CO'}]","{'common': None, 'primary': 'Emilia Ceramics', 'rules': None}","[{'between': None, 'confidence': 0.77, 'dataset': 'Microsoft', 'license': 'CDLA-Permissive-2.0', 'property': '', 'record_id': '1407374885094817', 'update_time': '2016-10-11T14:00:23.143Z'}
 {'between': None, 'confidence': None, 'dataset': 'Overture', 'license': 'CDLA-Permissive-2.0', 'property': '/properties/confidence', 'record_id': None, 'update_time': '2026-04-07T10:00:15Z'}]",open,hardware_home_and_garden_store,"{'alternates': None, 'hierarchy': array(['shopping', 'specialty_store', 'hardware_home_and_garden_store',
       'home_decor_store'], dtype=object), 'primary': 'home_decor_store'}",6,4170.0,,,,,,,,,,,,,,,,,,,,,,,nearest,161.06852164704887,,,,,,,,,,,,,,,,,,,,49ce77c4-faea-45c1-a14e-117025aef79f,,"[{'between': None, 'confidence': None, 'dataset': 'Esri Community Maps', 'license': 'Creative Commons by Attribution (CC BY 4.0) with OpenStreetMap waivers', 'property': '', 'record_id': '57055134-2FCC-4F61-9351-06D55D11161E', 'update_time': '2025-08-11T00:00:00.000Z'}
 {'between': None, 'confidence': None, 'dataset': 'Microsoft ML Buildings', 'license': 'ODbL-1.0', 'property': '/properties/height', 'record_id': None, 'update_time': '2021-08-25T00:00:00.000Z'}]",,4.452995777130127,,False,,,,,,,,,,,,,,False,2.0,30m+
d026341c-4964-4c1b-a262-92f455337768,POINT (474674.3291046234 4429714.199321773),"{'alternate': array(['hiking_trail', 'mountain'], dtype=object), 'primary': 'park'}",low,['https://www.discovertheforest.org/'],,['https://www.facebook.com/306647466100551'],,"{'names': {'common': None, 'primary': None, 'rules': None}, 'wikidata': None}","[{'country': 'US', 'freeform': '', 'locality': 'Boulder', 'postcode': '80302', 'region': 'CO'}]","{'common': None, 'primary': 'Red Rock Spur', 'rules': None}","[{'between': None, 'confidence': 0.7126784920692444, 'dataset': 'meta', 'license': 'CDLA-Permissive-2.0', 'property': '', 'record_id': '306647466100551', 'update_time': '2026-04-06T00:00:00.000Z'}
 {'between': None, 'confidence': None, 'dataset': 'Overture', 'license': 'CDLA-Permissive-2.0', 'property': '/properties/confidence', 'record_id': None, 'update_time': '2026-04-07T10:00:15Z'}]",open,park,"{'alternates': None, 'hierarchy': array(['sports_and_recreation', 'park'], dtype=object), 'primary': 'park'}",2,6161.0,,,,,,,,,,,,,,,,,,,,,,,nearest,168.9189580414571,,,,,,,,,,,,,,,,,,,,9cae19ff-d13a-40d8-8b29-70587dc51e4b,,"[{'between': None, 'confidence': None, 'dataset': 'OpenStreetMap', 'license': 'ODbL-1.0', 'property': '', 'record_id': 'w242256087@3', 'update_time': '2024-07-29T04:31:09.000Z'}
 {'between': None, 'confidence': None, 'dataset': 'Microsoft ML Buildings', 'license': 'ODbL-1.0', 'property': '/properties/height', 'record_id': None, 'update_time': '2021-08-25T00:00:00.000Z'}]",,4.788346290588379,,False,,,,residential,house,,,,,,,,,False,2.0,30m+
