proxy_source_dataset,proxy_source_file,proxy_source_row_number,proxy_poi_id,proxy_overture_poi_id,proxy_poi_name,proxy_proxy_point_type,proxy_proxy_lat,proxy_proxy_lon,proxy_image_reference,proxy_notes,poi_id,poi_name,problem1_final_label,source_final_label,problem2_eval_mode,proxy_eval_included_needs_review,problem2_status,building_id,nearest_edge_id,nearest_edge_distance_m,nearest_edge_bearing,nearest_edge_length_m,selected_facade_edge_id,selected_facade_distance_m,selected_facade_score,selected_method,selected_facade_reason,street_used_for_rerank,street_alignment_score,street_facing_score,facade_edge_length_m,facade_edge_bearing,corner_penalty,shared_facade_penalty,poi_lat,poi_lon,matched_address_text,matched_street,building_validation_label,poi_class,poi_types,final_label,review_reason,_name_norm,proxy_match_method,_poi_id_clean,geometry,_match_distance_m,non_building_exclusion_reason
boulder,benchmark_dataset\reference_datasets\extracted\boulder_louisville_sign_and_entrance_gt\boulder_snips_gt_adjusted.csv,67,312c20c3-a3c6-4818-803b-5d7e97df3d51,312c20c3-a3c6-4818-803b-5d7e97df3d51,Mountain Sun Pub & Brewery,sign,40.018992,-105.2752411,boulder-signs-03-05-2026_20260326_121159044.jpg,Mountain Sun sign,312c20c3-a3c6-4818-803b-5d7e97df3d51,Mountain Sun Pub & Brewery,non_building_poi,non_building_poi,proxy_permissive,False,not_applicable,67797069-8ea7-4f97-8280-4ab9392d1bdf,,,,,,,,not_applicable,Problem 1 classified this row as not_applicable.,False,,,,,,,40.01896789,-105.27519472,1535 PEARL ST,PEARL ST,clustered_commercial_area,non_building_poi,gastropub,non_building_poi,POI type/name suggests this entity does not require building or address conflation.,mountain sun pub brewery,overture_poi_id,,,,final_label=non_building_poi
boulder,benchmark_dataset\reference_datasets\extracted\boulder_louisville_sign_and_entrance_gt\boulder_snips_gt_adjusted.csv,68,312c20c3-a3c6-4818-803b-5d7e97df3d51,312c20c3-a3c6-4818-803b-5d7e97df3d51,Mountain Sun Pub & Brewery,front_door,40.018998,-105.2752097,boulder-signs-03-05-2026_20260326_121221390.jpg,Mountain Sun front door,312c20c3-a3c6-4818-803b-5d7e97df3d51,Mountain Sun Pub & Brewery,non_building_poi,non_building_poi,proxy_permissive,False,not_applicable,67797069-8ea7-4f97-8280-4ab9392d1bdf,,,,,,,,not_applicable,Problem 1 classified this row as not_applicable.,False,,,,,,,40.01896789,-105.27519472,1535 PEARL ST,PEARL ST,clustered_commercial_area,non_building_poi,gastropub,non_building_poi,POI type/name suggests this entity does not require building or address conflation.,mountain sun pub brewery,overture_poi_id,,,,final_label=non_building_poi
boulder,benchmark_dataset\reference_datasets\extracted\boulder_louisville_sign_and_entrance_gt\boulder_snips_gt_adjusted.csv,85,ad702629-f008-481b-a47b-6afc927725d9,ad702629-f008-481b-a47b-6afc927725d9,Montbell,sign,40.0185915,-105.2758752,boulder-signs-03-05-2026_20260326_121856004.jpg,Montbell sign and door west,ad702629-f008-481b-a47b-6afc927725d9,Montbell America,needs_review,needs_review,proxy_permissive,True,facade_candidate,be1c0aaf-3b66-484e-bed1-b644789d844e,be1c0aaf-3b66-484e-bed1-b644789d844e:23,2.553,164.967,24.752,be1c0aaf-3b66-484e-bed1-b644789d844e:23,2.553,0.269023,tuned_street_aware_rerank,nearest_edge_baseline=be1c0aaf-3b66-484e-bed1-b644789d844e:23; proxy evaluation mode included needs_review row; not production-confirmed; distance-dominant tuned reranker and guardrails enabled; shared-building experimental logic reduced street weights; street geometry used for distance/alignment scoring,True,0.992549,0.97002,24.752,164.967,0.0,0.0,40.01854,-105.275826,1458 PEARL ST,PEARL ST,needs_review,building_expected_poi,outdoor_gear,needs_review,"Match requires manual review due to weak, missing, or conflicting evidence.",montbell america,overture_poi_id,,,,non_building_keyword=outdoor
boulder,benchmark_dataset\reference_datasets\extracted\boulder_louisville_sign_and_entrance_gt\boulder_snips_gt_adjusted.csv,86,ad702629-f008-481b-a47b-6afc927725d9,ad702629-f008-481b-a47b-6afc927725d9,Montbell,sign,40.0186316,-105.2758589,boulder-signs-03-05-2026_20260326_121923100.jpg,Montbell sign and door north,ad702629-f008-481b-a47b-6afc927725d9,Montbell America,needs_review,needs_review,proxy_permissive,True,facade_candidate,be1c0aaf-3b66-484e-bed1-b644789d844e,be1c0aaf-3b66-484e-bed1-b644789d844e:23,2.553,164.967,24.752,be1c0aaf-3b66-484e-bed1-b644789d844e:23,2.553,0.269023,tuned_street_aware_rerank,nearest_edge_baseline=be1c0aaf-3b66-484e-bed1-b644789d844e:23; proxy evaluation mode included needs_review row; not production-confirmed; distance-dominant tuned reranker and guardrails enabled; shared-building experimental logic reduced street weights; street geometry used for distance/alignment scoring,True,0.992549,0.97002,24.752,164.967,0.0,0.0,40.01854,-105.275826,1458 PEARL ST,PEARL ST,needs_review,building_expected_poi,outdoor_gear,needs_review,"Match requires manual review due to weak, missing, or conflicting evidence.",montbell america,overture_poi_id,,,,non_building_keyword=outdoor
boulder,benchmark_dataset\reference_datasets\extracted\boulder_louisville_sign_and_entrance_gt\boulder_snips_gt_adjusted.csv,87,ad702629-f008-481b-a47b-6afc927725d9,ad702629-f008-481b-a47b-6afc927725d9,Montbell,front_door,40.0186324,-105.2758583,boulder-signs-03-05-2026_20260326_121923100.jpg,"Montbell front door (north, Pearl Street facing)",ad702629-f008-481b-a47b-6afc927725d9,Montbell America,needs_review,needs_review,proxy_permissive,True,facade_candidate,be1c0aaf-3b66-484e-bed1-b644789d844e,be1c0aaf-3b66-484e-bed1-b644789d844e:23,2.553,164.967,24.752,be1c0aaf-3b66-484e-bed1-b644789d844e:23,2.553,0.269023,tuned_street_aware_rerank,nearest_edge_baseline=be1c0aaf-3b66-484e-bed1-b644789d844e:23; proxy evaluation mode included needs_review row; not production-confirmed; distance-dominant tuned reranker and guardrails enabled; shared-building experimental logic reduced street weights; street geometry used for distance/alignment scoring,True,0.992549,0.97002,24.752,164.967,0.0,0.0,40.01854,-105.275826,1458 PEARL ST,PEARL ST,needs_review,building_expected_poi,outdoor_gear,needs_review,"Match requires manual review due to weak, missing, or conflicting evidence.",montbell america,overture_poi_id,,,,non_building_keyword=outdoor
boulder,benchmark_dataset\reference_datasets\extracted\boulder_louisville_sign_and_entrance_gt\boulder_snips_gt_adjusted.csv,97,c25dd762-5df6-4937-a4cd-d6f7d0b2095c,c25dd762-5df6-4937-a4cd-d6f7d0b2095c,Arc'teryx,sign,40.0188422,-105.2745328,boulder-signs-03-05-2026_20260326_122352391.jpg,Arcteryx sign and front door,c25dd762-5df6-4937-a4cd-d6f7d0b2095c,Arc'teryx,needs_review,needs_review,proxy_permissive,True,facade_candidate,bc52c1b9-b81b-43c5-b284-bff0cdd14419,bc52c1b9-b81b-43c5-b284-bff0cdd14419:5,0.956,165.059,29.317,bc52c1b9-b81b-43c5-b284-bff0cdd14419:5,0.956,0.464533,tuned_street_aware_rerank,nearest_edge_baseline=bc52c1b9-b81b-43c5-b284-bff0cdd14419:5; proxy evaluation mode included needs_review row; not production-confirmed; distance-dominant tuned reranker and guardrails enabled; shared-building experimental logic reduced street weights; street geometry used for distance/alignment scoring,True,0.997989,0.955655,29.317,165.059,0.0,0.0,40.01874486,-105.27453463,1600 PEARL ST,PEARL ST,clustered_commercial_area,building_expected_poi,outdoor_gear,needs_review,"Match requires manual review due to weak, missing, or conflicting evidence.",arc teryx,overture_poi_id,,,,non_building_keyword=outdoor
boulder,benchmark_dataset\reference_datasets\extracted\boulder_louisville_sign_and_entrance_gt\boulder_snips_gt_adjusted.csv,98,c25dd762-5df6-4937-a4cd-d6f7d0b2095c,c25dd762-5df6-4937-a4cd-d6f7d0b2095c,Arc'teryx,front_door,40.0188422,-105.2745328,boulder-signs-03-05-2026_20260326_122352391.jpg,Arcteryx sign and front door,c25dd762-5df6-4937-a4cd-d6f7d0b2095c,Arc'teryx,needs_review,needs_review,proxy_permissive,True,facade_candidate,bc52c1b9-b81b-43c5-b284-bff0cdd14419,bc52c1b9-b81b-43c5-b284-bff0cdd14419:5,0.956,165.059,29.317,bc52c1b9-b81b-43c5-b284-bff0cdd14419:5,0.956,0.464533,tuned_street_aware_rerank,nearest_edge_baseline=bc52c1b9-b81b-43c5-b284-bff0cdd14419:5; proxy evaluation mode included needs_review row; not production-confirmed; distance-dominant tuned reranker and guardrails enabled; shared-building experimental logic reduced street weights; street geometry used for distance/alignment scoring,True,0.997989,0.955655,29.317,165.059,0.0,0.0,40.01874486,-105.27453463,1600 PEARL ST,PEARL ST,clustered_commercial_area,building_expected_poi,outdoor_gear,needs_review,"Match requires manual review due to weak, missing, or conflicting evidence.",arc teryx,overture_poi_id,,,,non_building_keyword=outdoor
boulder,benchmark_dataset\reference_datasets\extracted\boulder_louisville_sign_and_entrance_gt\boulder_snips_gt_adjusted.csv,99,c25dd762-5df6-4937-a4cd-d6f7d0b2095c,c25dd762-5df6-4937-a4cd-d6f7d0b2095c,Arc'teryx,sign,40.0188088,-105.2745455,boulder-signs-03-05-2026_20260326_122426206.jpg,Arcteryx sign 1,c25dd762-5df6-4937-a4cd-d6f7d0b2095c,Arc'teryx,needs_review,needs_review,proxy_permissive,True,facade_candidate,bc52c1b9-b81b-43c5-b284-bff0cdd14419,bc52c1b9-b81b-43c5-b284-bff0cdd14419:5,0.956,165.059,29.317,bc52c1b9-b81b-43c5-b284-bff0cdd14419:5,0.956,0.464533,tuned_street_aware_rerank,nearest_edge_baseline=bc52c1b9-b81b-43c5-b284-bff0cdd14419:5; proxy evaluation mode included needs_review row; not production-confirmed; distance-dominant tuned reranker and guardrails enabled; shared-building experimental logic reduced street weights; street geometry used for distance/alignment scoring,True,0.997989,0.955655,29.317,165.059,0.0,0.0,40.01874486,-105.27453463,1600 PEARL ST,PEARL ST,clustered_commercial_area,building_expected_poi,outdoor_gear,needs_review,"Match requires manual review due to weak, missing, or conflicting evidence.",arc teryx,overture_poi_id,,,,non_building_keyword=outdoor
boulder,benchmark_dataset\reference_datasets\extracted\boulder_louisville_sign_and_entrance_gt\boulder_snips_gt_adjusted.csv,100,c25dd762-5df6-4937-a4cd-d6f7d0b2095c,c25dd762-5df6-4937-a4cd-d6f7d0b2095c,Arc'teryx,sign,40.0188658,-105.2745148,boulder-signs-03-05-2026_20260326_122454826.jpg,Arcteryx sign 2,c25dd762-5df6-4937-a4cd-d6f7d0b2095c,Arc'teryx,needs_review,needs_review,proxy_permissive,True,facade_candidate,bc52c1b9-b81b-43c5-b284-bff0cdd14419,bc52c1b9-b81b-43c5-b284-bff0cdd14419:5,0.956,165.059,29.317,bc52c1b9-b81b-43c5-b284-bff0cdd14419:5,0.956,0.464533,tuned_street_aware_rerank,nearest_edge_baseline=bc52c1b9-b81b-43c5-b284-bff0cdd14419:5; proxy evaluation mode included needs_review row; not production-confirmed; distance-dominant tuned reranker and guardrails enabled; shared-building experimental logic reduced street weights; street geometry used for distance/alignment scoring,True,0.997989,0.955655,29.317,165.059,0.0,0.0,40.01874486,-105.27453463,1600 PEARL ST,PEARL ST,clustered_commercial_area,building_expected_poi,outdoor_gear,needs_review,"Match requires manual review due to weak, missing, or conflicting evidence.",arc teryx,overture_poi_id,,,,non_building_keyword=outdoor
boulder,benchmark_dataset\reference_datasets\extracted\boulder_louisville_sign_and_entrance_gt\boulder_snips_gt_adjusted.csv,130,00f85052-f675-472d-a1db-960ce2995e7d,00f85052-f675-472d-a1db-960ce2995e7d,Black Diamond,sign,40.0187156,-105.2765501,boulder-signs-03-05-2026_20260326_124811648.jpg,Black Diamond sign,00f85052-f675-472d-a1db-960ce2995e7d,Black Diamond Equipment,needs_review,needs_review,proxy_permissive,True,facade_candidate,f910024b-e0f8-4886-b0ed-c57b5022d29d,f910024b-e0f8-4886-b0ed-c57b5022d29d:2,4.795,74.966,23.011,f910024b-e0f8-4886-b0ed-c57b5022d29d:2,4.795,0.147008,tuned_street_aware_rerank,nearest_edge_baseline=f910024b-e0f8-4886-b0ed-c57b5022d29d:2; proxy evaluation mode included needs_review row; not production-confirmed; distance-dominant tuned reranker and guardrails enabled; shared-building experimental logic reduced street weights; street geometry used for distance/alignment scoring; shared facade penalty applied,True,0.01069,0.868297,23.011,74.966,0.0,0.1,40.01866909,-105.27655856,1433 PEARL ST,PEARL ST,needs_review,building_expected_poi,outdoor_gear,needs_review,"Match requires manual review due to weak, missing, or conflicting evidence.",black diamond equipment,overture_poi_id,,,,non_building_keyword=outdoor
boulder,benchmark_dataset\reference_datasets\extracted\boulder_louisville_sign_and_entrance_gt\boulder_snips_gt_adjusted.csv,131,00f85052-f675-472d-a1db-960ce2995e7d,00f85052-f675-472d-a1db-960ce2995e7d,Black Diamond,front_door,40.0186974,-105.2766374,boulder-signs-03-05-2026_20260326_124901120.jpg,Black Diamond door L,00f85052-f675-472d-a1db-960ce2995e7d,Black Diamond Equipment,needs_review,needs_review,proxy_permissive,True,facade_candidate,f910024b-e0f8-4886-b0ed-c57b5022d29d,f910024b-e0f8-4886-b0ed-c57b5022d29d:2,4.795,74.966,23.011,f910024b-e0f8-4886-b0ed-c57b5022d29d:2,4.795,0.147008,tuned_street_aware_rerank,nearest_edge_baseline=f910024b-e0f8-4886-b0ed-c57b5022d29d:2; proxy evaluation mode included needs_review row; not production-confirmed; distance-dominant tuned reranker and guardrails enabled; shared-building experimental logic reduced street weights; street geometry used for distance/alignment scoring; shared facade penalty applied,True,0.01069,0.868297,23.011,74.966,0.0,0.1,40.01866909,-105.27655856,1433 PEARL ST,PEARL ST,needs_review,building_expected_poi,outdoor_gear,needs_review,"Match requires manual review due to weak, missing, or conflicting evidence.",black diamond equipment,overture_poi_id,,,,non_building_keyword=outdoor
boulder,benchmark_dataset\reference_datasets\extracted\boulder_louisville_sign_and_entrance_gt\boulder_snips_gt_adjusted.csv,158,5975b590-2cdf-403d-8a2e-41ffb29eb110,5975b590-2cdf-403d-8a2e-41ffb29eb110,Into the Wind,sign,40.018397,-105.2770037,boulder-signs-03-05-2026_20260326_130010306.jpg,Into the Wind sign and front door,5975b590-2cdf-403d-8a2e-41ffb29eb110,Into The Wind,needs_review,needs_review,proxy_permissive,True,facade_candidate,c226521d-74ff-4c1d-9108-a0a8be8080fe,c226521d-74ff-4c1d-9108-a0a8be8080fe:2,1.323,255.336,16.942,c226521d-74ff-4c1d-9108-a0a8be8080fe:2,1.323,0.315977,tuned_street_aware_rerank,nearest_edge_baseline=c226521d-74ff-4c1d-9108-a0a8be8080fe:2; proxy evaluation mode included needs_review row; not production-confirmed; distance-dominant tuned reranker and guardrails enabled; shared-building experimental logic reduced street weights; street geometry used for distance/alignment scoring; corner penalty applied,True,0.00177,0.968201,16.942,255.336,0.25,0.0,40.01839983,-105.27705025,1402 PEARL ST,PEARL ST,needs_review,building_expected_poi,outdoor_gear,needs_review,"Match requires manual review due to weak, missing, or conflicting evidence.",into the wind,overture_poi_id,,,,non_building_keyword=outdoor
boulder,benchmark_dataset\reference_datasets\extracted\boulder_louisville_sign_and_entrance_gt\boulder_snips_gt_adjusted.csv,159,5975b590-2cdf-403d-8a2e-41ffb29eb110,5975b590-2cdf-403d-8a2e-41ffb29eb110,Into the Wind,front_door,40.018397,-105.2770037,boulder-signs-03-05-2026_20260326_130010306.jpg,Into the Wind sign and front door,5975b590-2cdf-403d-8a2e-41ffb29eb110,Into The Wind,needs_review,needs_review,proxy_permissive,True,facade_candidate,c226521d-74ff-4c1d-9108-a0a8be8080fe,c226521d-74ff-4c1d-9108-a0a8be8080fe:2,1.323,255.336,16.942,c226521d-74ff-4c1d-9108-a0a8be8080fe:2,1.323,0.315977,tuned_street_aware_rerank,nearest_edge_baseline=c226521d-74ff-4c1d-9108-a0a8be8080fe:2; proxy evaluation mode included needs_review row; not production-confirmed; distance-dominant tuned reranker and guardrails enabled; shared-building experimental logic reduced street weights; street geometry used for distance/alignment scoring; corner penalty applied,True,0.00177,0.968201,16.942,255.336,0.25,0.0,40.01839983,-105.27705025,1402 PEARL ST,PEARL ST,needs_review,building_expected_poi,outdoor_gear,needs_review,"Match requires manual review due to weak, missing, or conflicting evidence.",into the wind,overture_poi_id,,,,non_building_keyword=outdoor
boulder,benchmark_dataset\reference_datasets\extracted\boulder_louisville_sign_and_entrance_gt\boulder_snips_gt_adjusted.csv,160,5975b590-2cdf-403d-8a2e-41ffb29eb110,5975b590-2cdf-403d-8a2e-41ffb29eb110,Into the Wind,sign,40.0184062,-105.2769578,boulder-signs-03-05-2026_20260326_130036297.jpg,Into the Wind sign L,5975b590-2cdf-403d-8a2e-41ffb29eb110,Into The Wind,needs_review,needs_review,proxy_permissive,True,facade_candidate,c226521d-74ff-4c1d-9108-a0a8be8080fe,c226521d-74ff-4c1d-9108-a0a8be8080fe:2,1.323,255.336,16.942,c226521d-74ff-4c1d-9108-a0a8be8080fe:2,1.323,0.315977,tuned_street_aware_rerank,nearest_edge_baseline=c226521d-74ff-4c1d-9108-a0a8be8080fe:2; proxy evaluation mode included needs_review row; not production-confirmed; distance-dominant tuned reranker and guardrails enabled; shared-building experimental logic reduced street weights; street geometry used for distance/alignment scoring; corner penalty applied,True,0.00177,0.968201,16.942,255.336,0.25,0.0,40.01839983,-105.27705025,1402 PEARL ST,PEARL ST,needs_review,building_expected_poi,outdoor_gear,needs_review,"Match requires manual review due to weak, missing, or conflicting evidence.",into the wind,overture_poi_id,,,,non_building_keyword=outdoor
boulder,benchmark_dataset\reference_datasets\extracted\boulder_louisville_sign_and_entrance_gt\boulder_snips_gt_adjusted.csv,229,eac468e5-7f49-4615-98e9-9df18766a540,eac468e5-7f49-4615-98e9-9df18766a540,The North Face,sign,40.0178836,-105.2805741,boulder-signs-03-05-2026_20260305_114256870.jpg,the north face hanging sign,eac468e5-7f49-4615-98e9-9df18766a540,The North Face,needs_review,needs_review,proxy_permissive,True,facade_candidate,f3dff78d-3fd4-4cb3-a59a-284832e10a05,f3dff78d-3fd4-4cb3-a59a-284832e10a05:1,1.884,345.287,40.174,f3dff78d-3fd4-4cb3-a59a-284832e10a05:1,1.884,0.294908,tuned_street_aware_rerank,nearest_edge_baseline=f3dff78d-3fd4-4cb3-a59a-284832e10a05:1; proxy evaluation mode included needs_review row; not production-confirmed; distance-dominant tuned reranker and guardrails enabled; shared-building experimental logic reduced street weights; street geometry used for distance/alignment scoring,True,0.004983,0.91973,40.174,345.287,0.0,0.0,40.01798545,-105.28048166,1129 PEARL ST,PEARL ST,needs_review,building_expected_poi,outdoor_gear,needs_review,"Match requires manual review due to weak, missing, or conflicting evidence.",the north face,overture_poi_id,,,,non_building_keyword=outdoor
boulder,benchmark_dataset\reference_datasets\extracted\boulder_louisville_sign_and_entrance_gt\boulder_snips_gt_adjusted.csv,230,eac468e5-7f49-4615-98e9-9df18766a540,eac468e5-7f49-4615-98e9-9df18766a540,The North Face,sign,40.0178874,-105.2805563,boulder-signs-03-05-2026_20260305_114320443.jpg,the north face main sign,eac468e5-7f49-4615-98e9-9df18766a540,The North Face,needs_review,needs_review,proxy_permissive,True,facade_candidate,f3dff78d-3fd4-4cb3-a59a-284832e10a05,f3dff78d-3fd4-4cb3-a59a-284832e10a05:1,1.884,345.287,40.174,f3dff78d-3fd4-4cb3-a59a-284832e10a05:1,1.884,0.294908,tuned_street_aware_rerank,nearest_edge_baseline=f3dff78d-3fd4-4cb3-a59a-284832e10a05:1; proxy evaluation mode included needs_review row; not production-confirmed; distance-dominant tuned reranker and guardrails enabled; shared-building experimental logic reduced street weights; street geometry used for distance/alignment scoring,True,0.004983,0.91973,40.174,345.287,0.0,0.0,40.01798545,-105.28048166,1129 PEARL ST,PEARL ST,needs_review,building_expected_poi,outdoor_gear,needs_review,"Match requires manual review due to weak, missing, or conflicting evidence.",the north face,overture_poi_id,,,,non_building_keyword=outdoor
boulder,benchmark_dataset\reference_datasets\extracted\boulder_louisville_sign_and_entrance_gt\boulder_snips_gt_adjusted.csv,231,eac468e5-7f49-4615-98e9-9df18766a540,eac468e5-7f49-4615-98e9-9df18766a540,The North Face,front_door,40.0178933,-105.2805287,boulder-signs-03-05-2026_20260305_114342514.jpg,the north face front door,eac468e5-7f49-4615-98e9-9df18766a540,The North Face,needs_review,needs_review,proxy_permissive,True,facade_candidate,f3dff78d-3fd4-4cb3-a59a-284832e10a05,f3dff78d-3fd4-4cb3-a59a-284832e10a05:1,1.884,345.287,40.174,f3dff78d-3fd4-4cb3-a59a-284832e10a05:1,1.884,0.294908,tuned_street_aware_rerank,nearest_edge_baseline=f3dff78d-3fd4-4cb3-a59a-284832e10a05:1; proxy evaluation mode included needs_review row; not production-confirmed; distance-dominant tuned reranker and guardrails enabled; shared-building experimental logic reduced street weights; street geometry used for distance/alignment scoring,True,0.004983,0.91973,40.174,345.287,0.0,0.0,40.01798545,-105.28048166,1129 PEARL ST,PEARL ST,needs_review,building_expected_poi,outdoor_gear,needs_review,"Match requires manual review due to weak, missing, or conflicting evidence.",the north face,overture_poi_id,,,,non_building_keyword=outdoor
louisville,benchmark_dataset\reference_datasets\extracted\boulder_louisville_sign_and_entrance_gt\louisville_snips_gt_adjusted.csv,30,,,Trailhead Wealth Management,sign,39.9778655,-105.1322491,trailhead_wealth_management_corner_sign-census-1-28-2026_20260128_131521076.jpg,Trailhead Wealth management sign (east side),3d0906e7-70d4-4f6f-8cd8-31f10add5bf2,Trailhead Wealth Management,non_building_poi,non_building_poi,proxy_permissive,False,not_applicable,563bda58-9cdb-4678-b089-5e73f34682d7,,,,,,,,not_applicable,Problem 1 classified this row as not_applicable.,False,,,,,,,39.97791288928858,-105.13236654232789,817 SPRUCE ST,SPRUCE ST,clustered_commercial_area,non_building_poi,,non_building_poi,POI type/name suggests this entity does not require building or address conflation.,trailhead wealth management,normalized_name_nearby_coordinate,3d0906e7-70d4-4f6f-8cd8-31f10add5bf2,POINT (488697.59042075655 4425314.158301189),11.32375434270396,final_label=non_building_poi
louisville,benchmark_dataset\reference_datasets\extracted\boulder_louisville_sign_and_entrance_gt\louisville_snips_gt_adjusted.csv,90,651a47e7-7b03-48d5-b01f-e8353b26ef6f,651a47e7-7b03-48d5-b01f-e8353b26ef6f,Acme Fine Goods,sign,39.978801,-105.1318517,acme-fine-goods-sign-up-sign-census-1-28-2026_20260128_135314247.jpg,Acme Fine Goods sign (up),651a47e7-7b03-48d5-b01f-e8353b26ef6f,Acme Fine Goods,needs_review,needs_review,proxy_permissive,True,facade_candidate,17d5cb2a-9c37-4049-a9f5-9b29cef7672f,17d5cb2a-9c37-4049-a9f5-9b29cef7672f:2,0.439,0.428,9.989,17d5cb2a-9c37-4049-a9f5-9b29cef7672f:2,0.439,0.570174,tuned_street_aware_rerank,nearest_edge_baseline=17d5cb2a-9c37-4049-a9f5-9b29cef7672f:2; proxy evaluation mode included needs_review row; not production-confirmed; distance-dominant tuned reranker and guardrails enabled; shared-building experimental logic reduced street weights; street geometry used for distance/alignment scoring; corner penalty applied,True,0.983067,0.949447,9.989,0.428,0.25,0.0,39.97881962,-105.13188084,921 WALNUT ST,WALNUT ST,clustered_commercial_area,building_expected_poi,outdoor_gear,needs_review,"Match requires manual review due to weak, missing, or conflicting evidence.",acme fine goods,overture_poi_id,,,,non_building_keyword=outdoor
louisville,benchmark_dataset\reference_datasets\extracted\boulder_louisville_sign_and_entrance_gt\louisville_snips_gt_adjusted.csv,91,651a47e7-7b03-48d5-b01f-e8353b26ef6f,651a47e7-7b03-48d5-b01f-e8353b26ef6f,Acme Fine Goods,sign,39.978801,-105.1318517,acme-fine-goods-sign-up-sign-census-1-28-2026_20260128_135314247.jpg,Acme Fine Good sign (window),651a47e7-7b03-48d5-b01f-e8353b26ef6f,Acme Fine Goods,needs_review,needs_review,proxy_permissive,True,facade_candidate,17d5cb2a-9c37-4049-a9f5-9b29cef7672f,17d5cb2a-9c37-4049-a9f5-9b29cef7672f:2,0.439,0.428,9.989,17d5cb2a-9c37-4049-a9f5-9b29cef7672f:2,0.439,0.570174,tuned_street_aware_rerank,nearest_edge_baseline=17d5cb2a-9c37-4049-a9f5-9b29cef7672f:2; proxy evaluation mode included needs_review row; not production-confirmed; distance-dominant tuned reranker and guardrails enabled; shared-building experimental logic reduced street weights; street geometry used for distance/alignment scoring; corner penalty applied,True,0.983067,0.949447,9.989,0.428,0.25,0.0,39.97881962,-105.13188084,921 WALNUT ST,WALNUT ST,clustered_commercial_area,building_expected_poi,outdoor_gear,needs_review,"Match requires manual review due to weak, missing, or conflicting evidence.",acme fine goods,overture_poi_id,,,,non_building_keyword=outdoor
louisville,benchmark_dataset\reference_datasets\extracted\boulder_louisville_sign_and_entrance_gt\louisville_snips_gt_adjusted.csv,92,651a47e7-7b03-48d5-b01f-e8353b26ef6f,651a47e7-7b03-48d5-b01f-e8353b26ef6f,Acme Fine Goods,front_door,39.978803,-105.1318229,acme_front_door.jpeg,Acme Fine Goods front door,651a47e7-7b03-48d5-b01f-e8353b26ef6f,Acme Fine Goods,needs_review,needs_review,proxy_permissive,True,facade_candidate,17d5cb2a-9c37-4049-a9f5-9b29cef7672f,17d5cb2a-9c37-4049-a9f5-9b29cef7672f:2,0.439,0.428,9.989,17d5cb2a-9c37-4049-a9f5-9b29cef7672f:2,0.439,0.570174,tuned_street_aware_rerank,nearest_edge_baseline=17d5cb2a-9c37-4049-a9f5-9b29cef7672f:2; proxy evaluation mode included needs_review row; not production-confirmed; distance-dominant tuned reranker and guardrails enabled; shared-building experimental logic reduced street weights; street geometry used for distance/alignment scoring; corner penalty applied,True,0.983067,0.949447,9.989,0.428,0.25,0.0,39.97881962,-105.13188084,921 WALNUT ST,WALNUT ST,clustered_commercial_area,building_expected_poi,outdoor_gear,needs_review,"Match requires manual review due to weak, missing, or conflicting evidence.",acme fine goods,overture_poi_id,,,,non_building_keyword=outdoor
louisville,benchmark_dataset\reference_datasets\extracted\boulder_louisville_sign_and_entrance_gt\louisville_snips_gt_adjusted.csv,166,efd24f46-434b-4f38-bb26-486735dca18e,efd24f46-434b-4f38-bb26-486735dca18e,Boulder Creek Neighborhoods,sign,39.9771439,-105.1320122,bcn-sign-sign-census-1-28-2026_20260128_142633343.jpg,Boulder Creek neighborhoods sign,efd24f46-434b-4f38-bb26-486735dca18e,Boulder Creek Neighborhoods,non_building_poi,non_building_poi,proxy_permissive,False,not_applicable,f21a4aa3-2fda-4990-83c8-40fa7c81abe5,,,,,,,,not_applicable,Problem 1 classified this row as not_applicable.,False,,,,,,,39.97713683,-105.13203695,817 PINE ST,PINE ST,clustered_commercial_area,non_building_poi,home_developer,non_building_poi,POI type/name suggests this entity does not require building or address conflation.,boulder creek neighborhoods,overture_poi_id,,,,final_label=non_building_poi
louisville,benchmark_dataset\reference_datasets\extracted\boulder_louisville_sign_and_entrance_gt\louisville_snips_gt_adjusted.csv,167,efd24f46-434b-4f38-bb26-486735dca18e,efd24f46-434b-4f38-bb26-486735dca18e,Boulder Creek Neighborhoods,entrance,39.9772055,-105.1319981,bcn-rear-door-sign-census-1-28-2026_20260128_142654534.jpg,boulder Creek rear door,efd24f46-434b-4f38-bb26-486735dca18e,Boulder Creek Neighborhoods,non_building_poi,non_building_poi,proxy_permissive,False,not_applicable,f21a4aa3-2fda-4990-83c8-40fa7c81abe5,,,,,,,,not_applicable,Problem 1 classified this row as not_applicable.,False,,,,,,,39.97713683,-105.13203695,817 PINE ST,PINE ST,clustered_commercial_area,non_building_poi,home_developer,non_building_poi,POI type/name suggests this entity does not require building or address conflation.,boulder creek neighborhoods,overture_poi_id,,,,final_label=non_building_poi
louisville,benchmark_dataset\reference_datasets\extracted\boulder_louisville_sign_and_entrance_gt\louisville_snips_gt_adjusted.csv,168,efd24f46-434b-4f38-bb26-486735dca18e,efd24f46-434b-4f38-bb26-486735dca18e,Boulder Creek Neighborhoods,front_door,39.9771109,-105.1320023,bcn-front-door-sign-census-1-28-2026_20260128_142730448.jpg,boulder Creek front door,efd24f46-434b-4f38-bb26-486735dca18e,Boulder Creek Neighborhoods,non_building_poi,non_building_poi,proxy_permissive,False,not_applicable,f21a4aa3-2fda-4990-83c8-40fa7c81abe5,,,,,,,,not_applicable,Problem 1 classified this row as not_applicable.,False,,,,,,,39.97713683,-105.13203695,817 PINE ST,PINE ST,clustered_commercial_area,non_building_poi,home_developer,non_building_poi,POI type/name suggests this entity does not require building or address conflation.,boulder creek neighborhoods,overture_poi_id,,,,final_label=non_building_poi
louisville,benchmark_dataset\reference_datasets\extracted\boulder_louisville_sign_and_entrance_gt\louisville_snips_gt_adjusted.csv,191,2ef4bcdd-e8cf-4d5e-9fdd-1b32904dcf43,2ef4bcdd-e8cf-4d5e-9fdd-1b32904dcf43,Tilt Pinball,sign,39.9766819,-105.1316908,tilt-parking-lot-sign-census-1-28-2026_20260128_143827294.jpg,Tilt sign on wall by parking lot,2ef4bcdd-e8cf-4d5e-9fdd-1b32904dcf43,Tilt Pinball,needs_review,needs_review,proxy_permissive,True,facade_candidate,81a4c6c8-6ffd-40b0-baf6-6217f72829b0,81a4c6c8-6ffd-40b0-baf6-6217f72829b0:10,2.423,179.716,22.565,81a4c6c8-6ffd-40b0-baf6-6217f72829b0:10,2.423,0.248696,tuned_street_aware_rerank,nearest_edge_baseline=81a4c6c8-6ffd-40b0-baf6-6217f72829b0:10; proxy evaluation mode included needs_review row; not production-confirmed; distance-dominant tuned reranker and guardrails enabled; shared-building experimental logic reduced street weights; street geometry used for distance/alignment scoring; shared facade penalty applied,True,0.011927,0.977946,22.565,179.716,0.0,0.1,39.97659391922925,-105.13199866877652,615 MAIN ST,MAIN ST,clustered_commercial_area,building_expected_poi,arcade,needs_review,"Match requires manual review due to weak, missing, or conflicting evidence.",tilt pinball,overture_poi_id,,,,non_building_keyword=park
louisville,benchmark_dataset\reference_datasets\extracted\boulder_louisville_sign_and_entrance_gt\louisville_snips_gt_adjusted.csv,257,9f131240-b751-45a5-8c35-adfab0e0044a,9f131240-b751-45a5-8c35-adfab0e0044a,Rocky Mountain Tap & Garden,front_door,39.980424,-105.1288882,rocky_mountain_front_door.jpg,Rocky mountain tap house front door and sign,9f131240-b751-45a5-8c35-adfab0e0044a,Rocky Mountain Tap & Garden Craft Kitchen & Pizza,non_building_poi,non_building_poi,proxy_permissive,False,not_applicable,820789aa-b873-44ed-b06c-8dec2ec3e4d9,,,,,,,,not_applicable,Problem 1 classified this row as not_applicable.,False,,,,,,,39.98046617455092,-105.12901604175568,,,low_confidence,non_building_poi,beer_garden,non_building_poi,POI type/name suggests this entity does not require building or address conflation.,rocky mountain tap garden craft kitchen pizza,overture_poi_id,,,,final_label=non_building_poi
louisville,benchmark_dataset\reference_datasets\extracted\boulder_louisville_sign_and_entrance_gt\louisville_snips_gt_adjusted.csv,258,9f131240-b751-45a5-8c35-adfab0e0044a,9f131240-b751-45a5-8c35-adfab0e0044a,Rocky Mountain Tap & Garden,sign,39.9803751,-105.1288882,rocky_mountain_tap_house_window_sign_east.jpg,Rocky mountain tap house window sign,9f131240-b751-45a5-8c35-adfab0e0044a,Rocky Mountain Tap & Garden Craft Kitchen & Pizza,non_building_poi,non_building_poi,proxy_permissive,False,not_applicable,820789aa-b873-44ed-b06c-8dec2ec3e4d9,,,,,,,,not_applicable,Problem 1 classified this row as not_applicable.,False,,,,,,,39.98046617455092,-105.12901604175568,,,low_confidence,non_building_poi,beer_garden,non_building_poi,POI type/name suggests this entity does not require building or address conflation.,rocky mountain tap garden craft kitchen pizza,overture_poi_id,,,,final_label=non_building_poi
louisville,benchmark_dataset\reference_datasets\extracted\boulder_louisville_sign_and_entrance_gt\louisville_snips_gt_adjusted.csv,259,9f131240-b751-45a5-8c35-adfab0e0044a,9f131240-b751-45a5-8c35-adfab0e0044a,Rocky Mountain Tap & Garden,sign,39.980424,-105.1288882,rocky_mountain_front_door.jpg,Rocky mountain tap house front door and sign,9f131240-b751-45a5-8c35-adfab0e0044a,Rocky Mountain Tap & Garden Craft Kitchen & Pizza,non_building_poi,non_building_poi,proxy_permissive,False,not_applicable,820789aa-b873-44ed-b06c-8dec2ec3e4d9,,,,,,,,not_applicable,Problem 1 classified this row as not_applicable.,False,,,,,,,39.98046617455092,-105.12901604175568,,,low_confidence,non_building_poi,beer_garden,non_building_poi,POI type/name suggests this entity does not require building or address conflation.,rocky mountain tap garden craft kitchen pizza,overture_poi_id,,,,final_label=non_building_poi
louisville,benchmark_dataset\reference_datasets\extracted\boulder_louisville_sign_and_entrance_gt\louisville_snips_gt_adjusted.csv,260,9f131240-b751-45a5-8c35-adfab0e0044a,9f131240-b751-45a5-8c35-adfab0e0044a,Rocky Mountain Tap & Garden,sign,39.9804675,-105.1288882,rocky_mountain_sign_east.jpg,Rocky mountain tap house sign east,9f131240-b751-45a5-8c35-adfab0e0044a,Rocky Mountain Tap & Garden Craft Kitchen & Pizza,non_building_poi,non_building_poi,proxy_permissive,False,not_applicable,820789aa-b873-44ed-b06c-8dec2ec3e4d9,,,,,,,,not_applicable,Problem 1 classified this row as not_applicable.,False,,,,,,,39.98046617455092,-105.12901604175568,,,low_confidence,non_building_poi,beer_garden,non_building_poi,POI type/name suggests this entity does not require building or address conflation.,rocky mountain tap garden craft kitchen pizza,overture_poi_id,,,,final_label=non_building_poi
louisville,benchmark_dataset\reference_datasets\extracted\boulder_louisville_sign_and_entrance_gt\louisville_snips_gt_adjusted.csv,261,9f131240-b751-45a5-8c35-adfab0e0044a,9f131240-b751-45a5-8c35-adfab0e0044a,Rocky Mountain Tap & Garden,sign,39.9804959,-105.1289494,rocky_mountain_sign_north.jpg,Rocky mountain tap house sign north,9f131240-b751-45a5-8c35-adfab0e0044a,Rocky Mountain Tap & Garden Craft Kitchen & Pizza,non_building_poi,non_building_poi,proxy_permissive,False,not_applicable,820789aa-b873-44ed-b06c-8dec2ec3e4d9,,,,,,,,not_applicable,Problem 1 classified this row as not_applicable.,False,,,,,,,39.98046617455092,-105.12901604175568,,,low_confidence,non_building_poi,beer_garden,non_building_poi,POI type/name suggests this entity does not require building or address conflation.,rocky mountain tap garden craft kitchen pizza,overture_poi_id,,,,final_label=non_building_poi
